run workflow item analysis
loading data dictionary
calculating item analysis on all-MiniLM-L6-v2...
0/6216: calculated similarity between ACE and ACE_P

1/6216: calculated similarity between ACE and APQ_P

2/6216: calculated similarity between ACE and APQ_SR

3/6216: calculated similarity between ACE and ARI_P

4/6216: calculated similarity between ACE and ARI_S

5/6216: calculated similarity between ACE and ASR

6/6216: calculated similarity between ACE and ASSQ

7/6216: calculated similarity between ACE and AUDIT

8/6216: calculated similarity between ACE and Barratt

9/6216: calculated similarity between ACE and BasicDemo

10/6216: calculated similarity between ACE and BIA

11/6216: calculated similarity between ACE and C3SR

12/6216: calculated similarity between ACE and CAARS

13/6216: calculated similarity between ACE and CBCL

14/6216: calculated similarity between ACE and CBCL_Pre

15/6216: calculated similarity between ACE and CCSC

16/6216: calculated similarity between ACE and CELF

17/6216: calculated similarity between ACE and CELF_Full_9to21

18/6216: calculated similarity between ACE and CELF_Full_5to8

19/6216: calculated similarity between ACE and CELF_Meta

20/6216: calculated similarity between ACE and CFS

21/6216: calculated similarity between ACE and CGAS

22/6216: calculated similarity between ACE and CIS_P

23/6216: calculated similarity between ACE and CIS_SR

24/6216: calculated similarity between ACE and ColorVision

25/6216: calculated similarity between ACE and ConsensusD

26/6216: calculated similarity between ACE and CPIC

27/6216: calculated similarity between ACE and CSSRS

28/6216: calculated similarity between ACE and CTOPP

29/6216: calculated similarity between ACE and DailyMed

30/6216: calculated similarity between ACE and Diagnosis_KSADS

31/6216: calculated similarity between ACE and DigitSpan

32/6216: calculated similarity between ACE and Dishion_Teacher

33/6216: calculated similarity between ACE and DrugScreen

34/6216: calculated similarity between ACE and DTS

35/6216: calculated similarity between ACE and EEG_Track

36/6216: calculated similarity between ACE and EHQ

37/6216: calculated similarity between ACE and ESPAD

38/6216: calculated similarity between ACE and ESWAN

39/6216: calculated similarity between ACE and FGA

40/6216: calculated similarity between ACE and FGC

41/6216: calculated similarity between ACE and Fitness_Aerobic

42/6216: calculated similarity between ACE and Fitness_Endurance

43/6216: calculated similarity between ACE and FSQ

44/6216: calculated similarity between ACE and FTND

45/6216: calculated similarity between ACE and FTQA

46/6216: calculated similarity between ACE and GARS

47/6216: calculated similarity between ACE and GFTA

48/6216: calculated similarity between ACE and GRIT

49/6216: calculated similarity between ACE and GSE

50/6216: calculated similarity between ACE and IAT

51/6216: calculated similarity between ACE and ICU_P

52/6216: calculated similarity between ACE and ICU_SR

53/6216: calculated similarity between ACE and IUQ_SR

54/6216: calculated similarity between ACE and IUQ_P

55/6216: calculated similarity between ACE and KBIT

56/6216: calculated similarity between ACE and MFQ_P

57/6216: calculated similarity between ACE and MFQ_SR

58/6216: calculated similarity between ACE and MRI_Track

59/6216: calculated similarity between ACE and NIH_Full

60/6216: calculated similarity between ACE and NIH_Score

61/6216: calculated similarity between ACE and NLES_P

62/6216: calculated similarity between ACE and NLES_SR

63/6216: calculated similarity between ACE and PANAS

64/6216: calculated similarity between ACE and PAQ_A

65/6216: calculated similarity between ACE and PBQ

66/6216: calculated similarity between ACE and PBS

67/6216: calculated similarity between ACE and PCIAT

68/6216: calculated similarity between ACE and Peds_Migraine

69/6216: calculated similarity between ACE and Pegboard

70/6216: calculated similarity between ACE and PhenX_Neighborhood

71/6216: calculated similarity between ACE and PhenX_Schoo

72/6216: calculated similarity between ACE and Physical

73/6216: calculated similarity between ACE and PMHS

74/6216: calculated similarity between ACE and PPS

75/6216: calculated similarity between ACE and PPVT

76/6216: calculated similarity between ACE and Pregnancy

77/6216: calculated similarity between ACE and PreInt_Demos_Home

78/6216: calculated similarity between ACE and PreInt_DevH

79/6216: calculated similarity between ACE and PreInt_EduH

80/6216: calculated similarity between ACE and PreInt_FamH

81/6216: calculated similarity between ACE and PreInt_FamHx_RDC

82/6216: calculated similarity between ACE and PreInt_Lang

83/6216: calculated similarity between ACE and PreInt_TxH

84/6216: calculated similarity between ACE and PSI

85/6216: calculated similarity between ACE and RBS

86/6216: calculated similarity between ACE and RemoteTask

87/6216: calculated similarity between ACE and SAS

88/6216: calculated similarity between ACE and SCARED_P

89/6216: calculated similarity between ACE and SCARED_SR

90/6216: calculated similarity between ACE and SCQ

91/6216: calculated similarity between ACE and SDQ

92/6216: calculated similarity between ACE and SDS

93/6216: calculated similarity between ACE and SRS

94/6216: calculated similarity between ACE and SRS_Pre

95/6216: calculated similarity between ACE and STAI

96/6216: calculated similarity between ACE and SWAN

97/6216: calculated similarity between ACE and TRF

98/6216: calculated similarity between ACE and TRF_P

99/6216: calculated similarity between ACE and Vineland

100/6216: calculated similarity between ACE and WAIS

101/6216: calculated similarity between ACE and WAIS_abb

102/6216: calculated similarity between ACE and WASI

103/6216: calculated similarity between ACE and WHODAS_P

104/6216: calculated similarity between ACE and WHODAS_SR

105/6216: calculated similarity between ACE and WIAT

106/6216: calculated similarity between ACE and WISC

107/6216: calculated similarity between ACE and YFAS

108/6216: calculated similarity between ACE and YFAS_C

109/6216: calculated similarity between ACE and YSR

110/6216: calculated similarity between ACE and SympChck

111/6216: calculated similarity between ACE_P and APQ_P

112/6216: calculated similarity between ACE_P and APQ_SR

113/6216: calculated similarity between ACE_P and ARI_P

114/6216: calculated similarity between ACE_P and ARI_S

115/6216: calculated similarity between ACE_P and ASR

116/6216: calculated similarity between ACE_P and ASSQ

117/6216: calculated similarity between ACE_P and AUDIT

118/6216: calculated similarity between ACE_P and Barratt

119/6216: calculated similarity between ACE_P and BasicDemo

120/6216: calculated similarity between ACE_P and BIA

121/6216: calculated similarity between ACE_P and C3SR

122/6216: calculated similarity between ACE_P and CAARS

123/6216: calculated similarity between ACE_P and CBCL

124/6216: calculated similarity between ACE_P and CBCL_Pre

125/6216: calculated similarity between ACE_P and CCSC

126/6216: calculated similarity between ACE_P and CELF

127/6216: calculated similarity between ACE_P and CELF_Full_9to21

128/6216: calculated similarity between ACE_P and CELF_Full_5to8

129/6216: calculated similarity between ACE_P and CELF_Meta

130/6216: calculated similarity between ACE_P and CFS

131/6216: calculated similarity between ACE_P and CGAS

132/6216: calculated similarity between ACE_P and CIS_P

133/6216: calculated similarity between ACE_P and CIS_SR

134/6216: calculated similarity between ACE_P and ColorVision

135/6216: calculated similarity between ACE_P and ConsensusD

136/6216: calculated similarity between ACE_P and CPIC

137/6216: calculated similarity between ACE_P and CSSRS

138/6216: calculated similarity between ACE_P and CTOPP

139/6216: calculated similarity between ACE_P and DailyMed

140/6216: calculated similarity between ACE_P and Diagnosis_KSADS

141/6216: calculated similarity between ACE_P and DigitSpan

142/6216: calculated similarity between ACE_P and Dishion_Teacher

143/6216: calculated similarity between ACE_P and DrugScreen

144/6216: calculated similarity between ACE_P and DTS

145/6216: calculated similarity between ACE_P and EEG_Track

146/6216: calculated similarity between ACE_P and EHQ

147/6216: calculated similarity between ACE_P and ESPAD

148/6216: calculated similarity between ACE_P and ESWAN

149/6216: calculated similarity between ACE_P and FGA

150/6216: calculated similarity between ACE_P and FGC

151/6216: calculated similarity between ACE_P and Fitness_Aerobic

152/6216: calculated similarity between ACE_P and Fitness_Endurance

153/6216: calculated similarity between ACE_P and FSQ

154/6216: calculated similarity between ACE_P and FTND

155/6216: calculated similarity between ACE_P and FTQA

156/6216: calculated similarity between ACE_P and GARS

157/6216: calculated similarity between ACE_P and GFTA

158/6216: calculated similarity between ACE_P and GRIT

159/6216: calculated similarity between ACE_P and GSE

160/6216: calculated similarity between ACE_P and IAT

161/6216: calculated similarity between ACE_P and ICU_P

162/6216: calculated similarity between ACE_P and ICU_SR

163/6216: calculated similarity between ACE_P and IUQ_SR

164/6216: calculated similarity between ACE_P and IUQ_P

165/6216: calculated similarity between ACE_P and KBIT

166/6216: calculated similarity between ACE_P and MFQ_P

167/6216: calculated similarity between ACE_P and MFQ_SR

168/6216: calculated similarity between ACE_P and MRI_Track

169/6216: calculated similarity between ACE_P and NIH_Full

170/6216: calculated similarity between ACE_P and NIH_Score

171/6216: calculated similarity between ACE_P and NLES_P

172/6216: calculated similarity between ACE_P and NLES_SR

173/6216: calculated similarity between ACE_P and PANAS

174/6216: calculated similarity between ACE_P and PAQ_A

175/6216: calculated similarity between ACE_P and PBQ

176/6216: calculated similarity between ACE_P and PBS

177/6216: calculated similarity between ACE_P and PCIAT

178/6216: calculated similarity between ACE_P and Peds_Migraine

179/6216: calculated similarity between ACE_P and Pegboard

180/6216: calculated similarity between ACE_P and PhenX_Neighborhood

181/6216: calculated similarity between ACE_P and PhenX_Schoo

182/6216: calculated similarity between ACE_P and Physical

183/6216: calculated similarity between ACE_P and PMHS

184/6216: calculated similarity between ACE_P and PPS

185/6216: calculated similarity between ACE_P and PPVT

186/6216: calculated similarity between ACE_P and Pregnancy

187/6216: calculated similarity between ACE_P and PreInt_Demos_Home

188/6216: calculated similarity between ACE_P and PreInt_DevH

189/6216: calculated similarity between ACE_P and PreInt_EduH

190/6216: calculated similarity between ACE_P and PreInt_FamH

191/6216: calculated similarity between ACE_P and PreInt_FamHx_RDC

192/6216: calculated similarity between ACE_P and PreInt_Lang

193/6216: calculated similarity between ACE_P and PreInt_TxH

194/6216: calculated similarity between ACE_P and PSI

195/6216: calculated similarity between ACE_P and RBS

196/6216: calculated similarity between ACE_P and RemoteTask

197/6216: calculated similarity between ACE_P and SAS

198/6216: calculated similarity between ACE_P and SCARED_P

199/6216: calculated similarity between ACE_P and SCARED_SR

200/6216: calculated similarity between ACE_P and SCQ

201/6216: calculated similarity between ACE_P and SDQ

202/6216: calculated similarity between ACE_P and SDS

203/6216: calculated similarity between ACE_P and SRS

204/6216: calculated similarity between ACE_P and SRS_Pre

205/6216: calculated similarity between ACE_P and STAI

206/6216: calculated similarity between ACE_P and SWAN

207/6216: calculated similarity between ACE_P and TRF

208/6216: calculated similarity between ACE_P and TRF_P

209/6216: calculated similarity between ACE_P and Vineland

210/6216: calculated similarity between ACE_P and WAIS

211/6216: calculated similarity between ACE_P and WAIS_abb

212/6216: calculated similarity between ACE_P and WASI

213/6216: calculated similarity between ACE_P and WHODAS_P

214/6216: calculated similarity between ACE_P and WHODAS_SR

215/6216: calculated similarity between ACE_P and WIAT

216/6216: calculated similarity between ACE_P and WISC

217/6216: calculated similarity between ACE_P and YFAS

218/6216: calculated similarity between ACE_P and YFAS_C

219/6216: calculated similarity between ACE_P and YSR

220/6216: calculated similarity between ACE_P and SympChck

221/6216: calculated similarity between APQ_P and APQ_SR

222/6216: calculated similarity between APQ_P and ARI_P

223/6216: calculated similarity between APQ_P and ARI_S

224/6216: calculated similarity between APQ_P and ASR

225/6216: calculated similarity between APQ_P and ASSQ

226/6216: calculated similarity between APQ_P and AUDIT

227/6216: calculated similarity between APQ_P and Barratt

228/6216: calculated similarity between APQ_P and BasicDemo

229/6216: calculated similarity between APQ_P and BIA

230/6216: calculated similarity between APQ_P and C3SR

231/6216: calculated similarity between APQ_P and CAARS

232/6216: calculated similarity between APQ_P and CBCL

233/6216: calculated similarity between APQ_P and CBCL_Pre

234/6216: calculated similarity between APQ_P and CCSC

235/6216: calculated similarity between APQ_P and CELF

236/6216: calculated similarity between APQ_P and CELF_Full_9to21

237/6216: calculated similarity between APQ_P and CELF_Full_5to8

238/6216: calculated similarity between APQ_P and CELF_Meta

239/6216: calculated similarity between APQ_P and CFS

240/6216: calculated similarity between APQ_P and CGAS

241/6216: calculated similarity between APQ_P and CIS_P

242/6216: calculated similarity between APQ_P and CIS_SR

243/6216: calculated similarity between APQ_P and ColorVision

244/6216: calculated similarity between APQ_P and ConsensusD

245/6216: calculated similarity between APQ_P and CPIC

246/6216: calculated similarity between APQ_P and CSSRS

247/6216: calculated similarity between APQ_P and CTOPP

248/6216: calculated similarity between APQ_P and DailyMed

249/6216: calculated similarity between APQ_P and Diagnosis_KSADS

250/6216: calculated similarity between APQ_P and DigitSpan

251/6216: calculated similarity between APQ_P and Dishion_Teacher

252/6216: calculated similarity between APQ_P and DrugScreen

253/6216: calculated similarity between APQ_P and DTS

254/6216: calculated similarity between APQ_P and EEG_Track

255/6216: calculated similarity between APQ_P and EHQ

256/6216: calculated similarity between APQ_P and ESPAD

257/6216: calculated similarity between APQ_P and ESWAN

258/6216: calculated similarity between APQ_P and FGA

259/6216: calculated similarity between APQ_P and FGC

260/6216: calculated similarity between APQ_P and Fitness_Aerobic

261/6216: calculated similarity between APQ_P and Fitness_Endurance

262/6216: calculated similarity between APQ_P and FSQ

263/6216: calculated similarity between APQ_P and FTND

264/6216: calculated similarity between APQ_P and FTQA

265/6216: calculated similarity between APQ_P and GARS

266/6216: calculated similarity between APQ_P and GFTA

267/6216: calculated similarity between APQ_P and GRIT

268/6216: calculated similarity between APQ_P and GSE

269/6216: calculated similarity between APQ_P and IAT

270/6216: calculated similarity between APQ_P and ICU_P

271/6216: calculated similarity between APQ_P and ICU_SR

272/6216: calculated similarity between APQ_P and IUQ_SR

273/6216: calculated similarity between APQ_P and IUQ_P

274/6216: calculated similarity between APQ_P and KBIT

275/6216: calculated similarity between APQ_P and MFQ_P

276/6216: calculated similarity between APQ_P and MFQ_SR

277/6216: calculated similarity between APQ_P and MRI_Track

278/6216: calculated similarity between APQ_P and NIH_Full

279/6216: calculated similarity between APQ_P and NIH_Score

280/6216: calculated similarity between APQ_P and NLES_P

281/6216: calculated similarity between APQ_P and NLES_SR

282/6216: calculated similarity between APQ_P and PANAS

283/6216: calculated similarity between APQ_P and PAQ_A

284/6216: calculated similarity between APQ_P and PBQ

285/6216: calculated similarity between APQ_P and PBS

286/6216: calculated similarity between APQ_P and PCIAT

287/6216: calculated similarity between APQ_P and Peds_Migraine

288/6216: calculated similarity between APQ_P and Pegboard

289/6216: calculated similarity between APQ_P and PhenX_Neighborhood

290/6216: calculated similarity between APQ_P and PhenX_Schoo

291/6216: calculated similarity between APQ_P and Physical

292/6216: calculated similarity between APQ_P and PMHS

293/6216: calculated similarity between APQ_P and PPS

294/6216: calculated similarity between APQ_P and PPVT

295/6216: calculated similarity between APQ_P and Pregnancy

296/6216: calculated similarity between APQ_P and PreInt_Demos_Home

297/6216: calculated similarity between APQ_P and PreInt_DevH

298/6216: calculated similarity between APQ_P and PreInt_EduH

299/6216: calculated similarity between APQ_P and PreInt_FamH

300/6216: calculated similarity between APQ_P and PreInt_FamHx_RDC

301/6216: calculated similarity between APQ_P and PreInt_Lang

302/6216: calculated similarity between APQ_P and PreInt_TxH

303/6216: calculated similarity between APQ_P and PSI

304/6216: calculated similarity between APQ_P and RBS

305/6216: calculated similarity between APQ_P and RemoteTask

306/6216: calculated similarity between APQ_P and SAS

307/6216: calculated similarity between APQ_P and SCARED_P

308/6216: calculated similarity between APQ_P and SCARED_SR

309/6216: calculated similarity between APQ_P and SCQ

310/6216: calculated similarity between APQ_P and SDQ

311/6216: calculated similarity between APQ_P and SDS

312/6216: calculated similarity between APQ_P and SRS

313/6216: calculated similarity between APQ_P and SRS_Pre

314/6216: calculated similarity between APQ_P and STAI

315/6216: calculated similarity between APQ_P and SWAN

316/6216: calculated similarity between APQ_P and TRF

317/6216: calculated similarity between APQ_P and TRF_P

318/6216: calculated similarity between APQ_P and Vineland

319/6216: calculated similarity between APQ_P and WAIS

320/6216: calculated similarity between APQ_P and WAIS_abb

321/6216: calculated similarity between APQ_P and WASI

322/6216: calculated similarity between APQ_P and WHODAS_P

323/6216: calculated similarity between APQ_P and WHODAS_SR

324/6216: calculated similarity between APQ_P and WIAT

325/6216: calculated similarity between APQ_P and WISC

326/6216: calculated similarity between APQ_P and YFAS

327/6216: calculated similarity between APQ_P and YFAS_C

328/6216: calculated similarity between APQ_P and YSR

329/6216: calculated similarity between APQ_P and SympChck

330/6216: calculated similarity between APQ_SR and ARI_P

331/6216: calculated similarity between APQ_SR and ARI_S

332/6216: calculated similarity between APQ_SR and ASR

333/6216: calculated similarity between APQ_SR and ASSQ

334/6216: calculated similarity between APQ_SR and AUDIT

335/6216: calculated similarity between APQ_SR and Barratt

336/6216: calculated similarity between APQ_SR and BasicDemo

337/6216: calculated similarity between APQ_SR and BIA

338/6216: calculated similarity between APQ_SR and C3SR

339/6216: calculated similarity between APQ_SR and CAARS

340/6216: calculated similarity between APQ_SR and CBCL

341/6216: calculated similarity between APQ_SR and CBCL_Pre

342/6216: calculated similarity between APQ_SR and CCSC

343/6216: calculated similarity between APQ_SR and CELF

344/6216: calculated similarity between APQ_SR and CELF_Full_9to21

345/6216: calculated similarity between APQ_SR and CELF_Full_5to8

346/6216: calculated similarity between APQ_SR and CELF_Meta

347/6216: calculated similarity between APQ_SR and CFS

348/6216: calculated similarity between APQ_SR and CGAS

349/6216: calculated similarity between APQ_SR and CIS_P

350/6216: calculated similarity between APQ_SR and CIS_SR

351/6216: calculated similarity between APQ_SR and ColorVision

352/6216: calculated similarity between APQ_SR and ConsensusD

353/6216: calculated similarity between APQ_SR and CPIC

354/6216: calculated similarity between APQ_SR and CSSRS

355/6216: calculated similarity between APQ_SR and CTOPP

356/6216: calculated similarity between APQ_SR and DailyMed

357/6216: calculated similarity between APQ_SR and Diagnosis_KSADS

358/6216: calculated similarity between APQ_SR and DigitSpan

359/6216: calculated similarity between APQ_SR and Dishion_Teacher

360/6216: calculated similarity between APQ_SR and DrugScreen

361/6216: calculated similarity between APQ_SR and DTS

362/6216: calculated similarity between APQ_SR and EEG_Track

363/6216: calculated similarity between APQ_SR and EHQ

364/6216: calculated similarity between APQ_SR and ESPAD

365/6216: calculated similarity between APQ_SR and ESWAN

366/6216: calculated similarity between APQ_SR and FGA

367/6216: calculated similarity between APQ_SR and FGC

368/6216: calculated similarity between APQ_SR and Fitness_Aerobic

369/6216: calculated similarity between APQ_SR and Fitness_Endurance

370/6216: calculated similarity between APQ_SR and FSQ

371/6216: calculated similarity between APQ_SR and FTND

372/6216: calculated similarity between APQ_SR and FTQA

373/6216: calculated similarity between APQ_SR and GARS

374/6216: calculated similarity between APQ_SR and GFTA

375/6216: calculated similarity between APQ_SR and GRIT

376/6216: calculated similarity between APQ_SR and GSE

377/6216: calculated similarity between APQ_SR and IAT

378/6216: calculated similarity between APQ_SR and ICU_P

379/6216: calculated similarity between APQ_SR and ICU_SR

380/6216: calculated similarity between APQ_SR and IUQ_SR

381/6216: calculated similarity between APQ_SR and IUQ_P

382/6216: calculated similarity between APQ_SR and KBIT

383/6216: calculated similarity between APQ_SR and MFQ_P

384/6216: calculated similarity between APQ_SR and MFQ_SR

385/6216: calculated similarity between APQ_SR and MRI_Track

386/6216: calculated similarity between APQ_SR and NIH_Full

387/6216: calculated similarity between APQ_SR and NIH_Score

388/6216: calculated similarity between APQ_SR and NLES_P

389/6216: calculated similarity between APQ_SR and NLES_SR

390/6216: calculated similarity between APQ_SR and PANAS

391/6216: calculated similarity between APQ_SR and PAQ_A

392/6216: calculated similarity between APQ_SR and PBQ

393/6216: calculated similarity between APQ_SR and PBS

394/6216: calculated similarity between APQ_SR and PCIAT

395/6216: calculated similarity between APQ_SR and Peds_Migraine

396/6216: calculated similarity between APQ_SR and Pegboard

397/6216: calculated similarity between APQ_SR and PhenX_Neighborhood

398/6216: calculated similarity between APQ_SR and PhenX_Schoo

399/6216: calculated similarity between APQ_SR and Physical

400/6216: calculated similarity between APQ_SR and PMHS

401/6216: calculated similarity between APQ_SR and PPS

402/6216: calculated similarity between APQ_SR and PPVT

403/6216: calculated similarity between APQ_SR and Pregnancy

404/6216: calculated similarity between APQ_SR and PreInt_Demos_Home

405/6216: calculated similarity between APQ_SR and PreInt_DevH

406/6216: calculated similarity between APQ_SR and PreInt_EduH

407/6216: calculated similarity between APQ_SR and PreInt_FamH

408/6216: calculated similarity between APQ_SR and PreInt_FamHx_RDC

409/6216: calculated similarity between APQ_SR and PreInt_Lang

410/6216: calculated similarity between APQ_SR and PreInt_TxH

411/6216: calculated similarity between APQ_SR and PSI

412/6216: calculated similarity between APQ_SR and RBS

413/6216: calculated similarity between APQ_SR and RemoteTask

414/6216: calculated similarity between APQ_SR and SAS

415/6216: calculated similarity between APQ_SR and SCARED_P

416/6216: calculated similarity between APQ_SR and SCARED_SR

417/6216: calculated similarity between APQ_SR and SCQ

418/6216: calculated similarity between APQ_SR and SDQ

419/6216: calculated similarity between APQ_SR and SDS

420/6216: calculated similarity between APQ_SR and SRS

421/6216: calculated similarity between APQ_SR and SRS_Pre

422/6216: calculated similarity between APQ_SR and STAI

423/6216: calculated similarity between APQ_SR and SWAN

424/6216: calculated similarity between APQ_SR and TRF

425/6216: calculated similarity between APQ_SR and TRF_P

426/6216: calculated similarity between APQ_SR and Vineland

427/6216: calculated similarity between APQ_SR and WAIS

428/6216: calculated similarity between APQ_SR and WAIS_abb

429/6216: calculated similarity between APQ_SR and WASI

430/6216: calculated similarity between APQ_SR and WHODAS_P

431/6216: calculated similarity between APQ_SR and WHODAS_SR

432/6216: calculated similarity between APQ_SR and WIAT

433/6216: calculated similarity between APQ_SR and WISC

434/6216: calculated similarity between APQ_SR and YFAS

435/6216: calculated similarity between APQ_SR and YFAS_C

436/6216: calculated similarity between APQ_SR and YSR

437/6216: calculated similarity between APQ_SR and SympChck

438/6216: calculated similarity between ARI_P and ARI_S

439/6216: calculated similarity between ARI_P and ASR

440/6216: calculated similarity between ARI_P and ASSQ

441/6216: calculated similarity between ARI_P and AUDIT

442/6216: calculated similarity between ARI_P and Barratt

443/6216: calculated similarity between ARI_P and BasicDemo

444/6216: calculated similarity between ARI_P and BIA

445/6216: calculated similarity between ARI_P and C3SR

446/6216: calculated similarity between ARI_P and CAARS

447/6216: calculated similarity between ARI_P and CBCL

448/6216: calculated similarity between ARI_P and CBCL_Pre

449/6216: calculated similarity between ARI_P and CCSC

450/6216: calculated similarity between ARI_P and CELF

451/6216: calculated similarity between ARI_P and CELF_Full_9to21

452/6216: calculated similarity between ARI_P and CELF_Full_5to8

453/6216: calculated similarity between ARI_P and CELF_Meta

454/6216: calculated similarity between ARI_P and CFS

455/6216: calculated similarity between ARI_P and CGAS

456/6216: calculated similarity between ARI_P and CIS_P

457/6216: calculated similarity between ARI_P and CIS_SR

458/6216: calculated similarity between ARI_P and ColorVision

459/6216: calculated similarity between ARI_P and ConsensusD

460/6216: calculated similarity between ARI_P and CPIC

461/6216: calculated similarity between ARI_P and CSSRS

462/6216: calculated similarity between ARI_P and CTOPP

463/6216: calculated similarity between ARI_P and DailyMed

464/6216: calculated similarity between ARI_P and Diagnosis_KSADS

465/6216: calculated similarity between ARI_P and DigitSpan

466/6216: calculated similarity between ARI_P and Dishion_Teacher

467/6216: calculated similarity between ARI_P and DrugScreen

468/6216: calculated similarity between ARI_P and DTS

469/6216: calculated similarity between ARI_P and EEG_Track

470/6216: calculated similarity between ARI_P and EHQ

471/6216: calculated similarity between ARI_P and ESPAD

472/6216: calculated similarity between ARI_P and ESWAN

473/6216: calculated similarity between ARI_P and FGA

474/6216: calculated similarity between ARI_P and FGC

475/6216: calculated similarity between ARI_P and Fitness_Aerobic

476/6216: calculated similarity between ARI_P and Fitness_Endurance

477/6216: calculated similarity between ARI_P and FSQ

478/6216: calculated similarity between ARI_P and FTND

479/6216: calculated similarity between ARI_P and FTQA

480/6216: calculated similarity between ARI_P and GARS

481/6216: calculated similarity between ARI_P and GFTA

482/6216: calculated similarity between ARI_P and GRIT

483/6216: calculated similarity between ARI_P and GSE

484/6216: calculated similarity between ARI_P and IAT

485/6216: calculated similarity between ARI_P and ICU_P

486/6216: calculated similarity between ARI_P and ICU_SR

487/6216: calculated similarity between ARI_P and IUQ_SR

488/6216: calculated similarity between ARI_P and IUQ_P

489/6216: calculated similarity between ARI_P and KBIT

490/6216: calculated similarity between ARI_P and MFQ_P

491/6216: calculated similarity between ARI_P and MFQ_SR

492/6216: calculated similarity between ARI_P and MRI_Track

493/6216: calculated similarity between ARI_P and NIH_Full

494/6216: calculated similarity between ARI_P and NIH_Score

495/6216: calculated similarity between ARI_P and NLES_P

496/6216: calculated similarity between ARI_P and NLES_SR

497/6216: calculated similarity between ARI_P and PANAS

498/6216: calculated similarity between ARI_P and PAQ_A

499/6216: calculated similarity between ARI_P and PBQ

500/6216: calculated similarity between ARI_P and PBS

501/6216: calculated similarity between ARI_P and PCIAT

502/6216: calculated similarity between ARI_P and Peds_Migraine

503/6216: calculated similarity between ARI_P and Pegboard

504/6216: calculated similarity between ARI_P and PhenX_Neighborhood

505/6216: calculated similarity between ARI_P and PhenX_Schoo

506/6216: calculated similarity between ARI_P and Physical

507/6216: calculated similarity between ARI_P and PMHS

508/6216: calculated similarity between ARI_P and PPS

509/6216: calculated similarity between ARI_P and PPVT

510/6216: calculated similarity between ARI_P and Pregnancy

511/6216: calculated similarity between ARI_P and PreInt_Demos_Home

512/6216: calculated similarity between ARI_P and PreInt_DevH

513/6216: calculated similarity between ARI_P and PreInt_EduH

514/6216: calculated similarity between ARI_P and PreInt_FamH

515/6216: calculated similarity between ARI_P and PreInt_FamHx_RDC

516/6216: calculated similarity between ARI_P and PreInt_Lang

517/6216: calculated similarity between ARI_P and PreInt_TxH

518/6216: calculated similarity between ARI_P and PSI

519/6216: calculated similarity between ARI_P and RBS

520/6216: calculated similarity between ARI_P and RemoteTask

521/6216: calculated similarity between ARI_P and SAS

522/6216: calculated similarity between ARI_P and SCARED_P

523/6216: calculated similarity between ARI_P and SCARED_SR

524/6216: calculated similarity between ARI_P and SCQ

525/6216: calculated similarity between ARI_P and SDQ

526/6216: calculated similarity between ARI_P and SDS

527/6216: calculated similarity between ARI_P and SRS

528/6216: calculated similarity between ARI_P and SRS_Pre

529/6216: calculated similarity between ARI_P and STAI

530/6216: calculated similarity between ARI_P and SWAN

531/6216: calculated similarity between ARI_P and TRF

532/6216: calculated similarity between ARI_P and TRF_P

533/6216: calculated similarity between ARI_P and Vineland

534/6216: calculated similarity between ARI_P and WAIS

535/6216: calculated similarity between ARI_P and WAIS_abb

536/6216: calculated similarity between ARI_P and WASI

537/6216: calculated similarity between ARI_P and WHODAS_P

538/6216: calculated similarity between ARI_P and WHODAS_SR

539/6216: calculated similarity between ARI_P and WIAT

540/6216: calculated similarity between ARI_P and WISC

541/6216: calculated similarity between ARI_P and YFAS

542/6216: calculated similarity between ARI_P and YFAS_C

543/6216: calculated similarity between ARI_P and YSR

544/6216: calculated similarity between ARI_P and SympChck

545/6216: calculated similarity between ARI_S and ASR

546/6216: calculated similarity between ARI_S and ASSQ

547/6216: calculated similarity between ARI_S and AUDIT

548/6216: calculated similarity between ARI_S and Barratt

549/6216: calculated similarity between ARI_S and BasicDemo

550/6216: calculated similarity between ARI_S and BIA

551/6216: calculated similarity between ARI_S and C3SR

552/6216: calculated similarity between ARI_S and CAARS

553/6216: calculated similarity between ARI_S and CBCL

554/6216: calculated similarity between ARI_S and CBCL_Pre

555/6216: calculated similarity between ARI_S and CCSC

556/6216: calculated similarity between ARI_S and CELF

557/6216: calculated similarity between ARI_S and CELF_Full_9to21

558/6216: calculated similarity between ARI_S and CELF_Full_5to8

559/6216: calculated similarity between ARI_S and CELF_Meta

560/6216: calculated similarity between ARI_S and CFS

561/6216: calculated similarity between ARI_S and CGAS

562/6216: calculated similarity between ARI_S and CIS_P

563/6216: calculated similarity between ARI_S and CIS_SR

564/6216: calculated similarity between ARI_S and ColorVision

565/6216: calculated similarity between ARI_S and ConsensusD

566/6216: calculated similarity between ARI_S and CPIC

567/6216: calculated similarity between ARI_S and CSSRS

568/6216: calculated similarity between ARI_S and CTOPP

569/6216: calculated similarity between ARI_S and DailyMed

570/6216: calculated similarity between ARI_S and Diagnosis_KSADS

571/6216: calculated similarity between ARI_S and DigitSpan

572/6216: calculated similarity between ARI_S and Dishion_Teacher

573/6216: calculated similarity between ARI_S and DrugScreen

574/6216: calculated similarity between ARI_S and DTS

575/6216: calculated similarity between ARI_S and EEG_Track

576/6216: calculated similarity between ARI_S and EHQ

577/6216: calculated similarity between ARI_S and ESPAD

578/6216: calculated similarity between ARI_S and ESWAN

579/6216: calculated similarity between ARI_S and FGA

580/6216: calculated similarity between ARI_S and FGC

581/6216: calculated similarity between ARI_S and Fitness_Aerobic

582/6216: calculated similarity between ARI_S and Fitness_Endurance

583/6216: calculated similarity between ARI_S and FSQ

584/6216: calculated similarity between ARI_S and FTND

585/6216: calculated similarity between ARI_S and FTQA

586/6216: calculated similarity between ARI_S and GARS

587/6216: calculated similarity between ARI_S and GFTA

588/6216: calculated similarity between ARI_S and GRIT

589/6216: calculated similarity between ARI_S and GSE

590/6216: calculated similarity between ARI_S and IAT

591/6216: calculated similarity between ARI_S and ICU_P

592/6216: calculated similarity between ARI_S and ICU_SR

593/6216: calculated similarity between ARI_S and IUQ_SR

594/6216: calculated similarity between ARI_S and IUQ_P

595/6216: calculated similarity between ARI_S and KBIT

596/6216: calculated similarity between ARI_S and MFQ_P

597/6216: calculated similarity between ARI_S and MFQ_SR

598/6216: calculated similarity between ARI_S and MRI_Track

599/6216: calculated similarity between ARI_S and NIH_Full

600/6216: calculated similarity between ARI_S and NIH_Score

601/6216: calculated similarity between ARI_S and NLES_P

602/6216: calculated similarity between ARI_S and NLES_SR

603/6216: calculated similarity between ARI_S and PANAS

604/6216: calculated similarity between ARI_S and PAQ_A

605/6216: calculated similarity between ARI_S and PBQ

606/6216: calculated similarity between ARI_S and PBS

607/6216: calculated similarity between ARI_S and PCIAT

608/6216: calculated similarity between ARI_S and Peds_Migraine

609/6216: calculated similarity between ARI_S and Pegboard

610/6216: calculated similarity between ARI_S and PhenX_Neighborhood

611/6216: calculated similarity between ARI_S and PhenX_Schoo

612/6216: calculated similarity between ARI_S and Physical

613/6216: calculated similarity between ARI_S and PMHS

614/6216: calculated similarity between ARI_S and PPS

615/6216: calculated similarity between ARI_S and PPVT

616/6216: calculated similarity between ARI_S and Pregnancy

617/6216: calculated similarity between ARI_S and PreInt_Demos_Home

618/6216: calculated similarity between ARI_S and PreInt_DevH

619/6216: calculated similarity between ARI_S and PreInt_EduH

620/6216: calculated similarity between ARI_S and PreInt_FamH

621/6216: calculated similarity between ARI_S and PreInt_FamHx_RDC

622/6216: calculated similarity between ARI_S and PreInt_Lang

623/6216: calculated similarity between ARI_S and PreInt_TxH

624/6216: calculated similarity between ARI_S and PSI

625/6216: calculated similarity between ARI_S and RBS

626/6216: calculated similarity between ARI_S and RemoteTask

627/6216: calculated similarity between ARI_S and SAS

628/6216: calculated similarity between ARI_S and SCARED_P

629/6216: calculated similarity between ARI_S and SCARED_SR

630/6216: calculated similarity between ARI_S and SCQ

631/6216: calculated similarity between ARI_S and SDQ

632/6216: calculated similarity between ARI_S and SDS

633/6216: calculated similarity between ARI_S and SRS

634/6216: calculated similarity between ARI_S and SRS_Pre

635/6216: calculated similarity between ARI_S and STAI

636/6216: calculated similarity between ARI_S and SWAN

637/6216: calculated similarity between ARI_S and TRF

638/6216: calculated similarity between ARI_S and TRF_P

639/6216: calculated similarity between ARI_S and Vineland

640/6216: calculated similarity between ARI_S and WAIS

641/6216: calculated similarity between ARI_S and WAIS_abb

642/6216: calculated similarity between ARI_S and WASI

643/6216: calculated similarity between ARI_S and WHODAS_P

644/6216: calculated similarity between ARI_S and WHODAS_SR

645/6216: calculated similarity between ARI_S and WIAT

646/6216: calculated similarity between ARI_S and WISC

647/6216: calculated similarity between ARI_S and YFAS

648/6216: calculated similarity between ARI_S and YFAS_C

649/6216: calculated similarity between ARI_S and YSR

650/6216: calculated similarity between ARI_S and SympChck

651/6216: calculated similarity between ASR and ASSQ

652/6216: calculated similarity between ASR and AUDIT

653/6216: calculated similarity between ASR and Barratt

654/6216: calculated similarity between ASR and BasicDemo

655/6216: calculated similarity between ASR and BIA

656/6216: calculated similarity between ASR and C3SR

657/6216: calculated similarity between ASR and CAARS

658/6216: calculated similarity between ASR and CBCL

659/6216: calculated similarity between ASR and CBCL_Pre

660/6216: calculated similarity between ASR and CCSC

661/6216: calculated similarity between ASR and CELF

662/6216: calculated similarity between ASR and CELF_Full_9to21

663/6216: calculated similarity between ASR and CELF_Full_5to8

664/6216: calculated similarity between ASR and CELF_Meta

665/6216: calculated similarity between ASR and CFS

666/6216: calculated similarity between ASR and CGAS

667/6216: calculated similarity between ASR and CIS_P

668/6216: calculated similarity between ASR and CIS_SR

669/6216: calculated similarity between ASR and ColorVision

670/6216: calculated similarity between ASR and ConsensusD

671/6216: calculated similarity between ASR and CPIC

672/6216: calculated similarity between ASR and CSSRS

673/6216: calculated similarity between ASR and CTOPP

674/6216: calculated similarity between ASR and DailyMed

675/6216: calculated similarity between ASR and Diagnosis_KSADS

676/6216: calculated similarity between ASR and DigitSpan

677/6216: calculated similarity between ASR and Dishion_Teacher

678/6216: calculated similarity between ASR and DrugScreen

679/6216: calculated similarity between ASR and DTS

680/6216: calculated similarity between ASR and EEG_Track

681/6216: calculated similarity between ASR and EHQ

682/6216: calculated similarity between ASR and ESPAD

683/6216: calculated similarity between ASR and ESWAN

684/6216: calculated similarity between ASR and FGA

685/6216: calculated similarity between ASR and FGC

686/6216: calculated similarity between ASR and Fitness_Aerobic

687/6216: calculated similarity between ASR and Fitness_Endurance

688/6216: calculated similarity between ASR and FSQ

689/6216: calculated similarity between ASR and FTND

690/6216: calculated similarity between ASR and FTQA

691/6216: calculated similarity between ASR and GARS

692/6216: calculated similarity between ASR and GFTA

693/6216: calculated similarity between ASR and GRIT

694/6216: calculated similarity between ASR and GSE

695/6216: calculated similarity between ASR and IAT

696/6216: calculated similarity between ASR and ICU_P

697/6216: calculated similarity between ASR and ICU_SR

698/6216: calculated similarity between ASR and IUQ_SR

699/6216: calculated similarity between ASR and IUQ_P

700/6216: calculated similarity between ASR and KBIT

701/6216: calculated similarity between ASR and MFQ_P

702/6216: calculated similarity between ASR and MFQ_SR

703/6216: calculated similarity between ASR and MRI_Track

704/6216: calculated similarity between ASR and NIH_Full

705/6216: calculated similarity between ASR and NIH_Score

706/6216: calculated similarity between ASR and NLES_P

707/6216: calculated similarity between ASR and NLES_SR

708/6216: calculated similarity between ASR and PANAS

709/6216: calculated similarity between ASR and PAQ_A

710/6216: calculated similarity between ASR and PBQ

711/6216: calculated similarity between ASR and PBS

712/6216: calculated similarity between ASR and PCIAT

713/6216: calculated similarity between ASR and Peds_Migraine

714/6216: calculated similarity between ASR and Pegboard

715/6216: calculated similarity between ASR and PhenX_Neighborhood

716/6216: calculated similarity between ASR and PhenX_Schoo

717/6216: calculated similarity between ASR and Physical

718/6216: calculated similarity between ASR and PMHS

719/6216: calculated similarity between ASR and PPS

720/6216: calculated similarity between ASR and PPVT

721/6216: calculated similarity between ASR and Pregnancy

722/6216: calculated similarity between ASR and PreInt_Demos_Home

723/6216: calculated similarity between ASR and PreInt_DevH

724/6216: calculated similarity between ASR and PreInt_EduH

725/6216: calculated similarity between ASR and PreInt_FamH

726/6216: calculated similarity between ASR and PreInt_FamHx_RDC

727/6216: calculated similarity between ASR and PreInt_Lang

728/6216: calculated similarity between ASR and PreInt_TxH

729/6216: calculated similarity between ASR and PSI

730/6216: calculated similarity between ASR and RBS

731/6216: calculated similarity between ASR and RemoteTask

732/6216: calculated similarity between ASR and SAS

733/6216: calculated similarity between ASR and SCARED_P

734/6216: calculated similarity between ASR and SCARED_SR

735/6216: calculated similarity between ASR and SCQ

736/6216: calculated similarity between ASR and SDQ

737/6216: calculated similarity between ASR and SDS

738/6216: calculated similarity between ASR and SRS

739/6216: calculated similarity between ASR and SRS_Pre

740/6216: calculated similarity between ASR and STAI

741/6216: calculated similarity between ASR and SWAN

742/6216: calculated similarity between ASR and TRF

743/6216: calculated similarity between ASR and TRF_P

744/6216: calculated similarity between ASR and Vineland

745/6216: calculated similarity between ASR and WAIS

746/6216: calculated similarity between ASR and WAIS_abb

747/6216: calculated similarity between ASR and WASI

748/6216: calculated similarity between ASR and WHODAS_P

749/6216: calculated similarity between ASR and WHODAS_SR

750/6216: calculated similarity between ASR and WIAT

751/6216: calculated similarity between ASR and WISC

752/6216: calculated similarity between ASR and YFAS

753/6216: calculated similarity between ASR and YFAS_C

754/6216: calculated similarity between ASR and YSR

755/6216: calculated similarity between ASR and SympChck

756/6216: calculated similarity between ASSQ and AUDIT

757/6216: calculated similarity between ASSQ and Barratt

758/6216: calculated similarity between ASSQ and BasicDemo

759/6216: calculated similarity between ASSQ and BIA

760/6216: calculated similarity between ASSQ and C3SR

761/6216: calculated similarity between ASSQ and CAARS

762/6216: calculated similarity between ASSQ and CBCL

763/6216: calculated similarity between ASSQ and CBCL_Pre

764/6216: calculated similarity between ASSQ and CCSC

765/6216: calculated similarity between ASSQ and CELF

766/6216: calculated similarity between ASSQ and CELF_Full_9to21

767/6216: calculated similarity between ASSQ and CELF_Full_5to8

768/6216: calculated similarity between ASSQ and CELF_Meta

769/6216: calculated similarity between ASSQ and CFS

770/6216: calculated similarity between ASSQ and CGAS

771/6216: calculated similarity between ASSQ and CIS_P

772/6216: calculated similarity between ASSQ and CIS_SR

773/6216: calculated similarity between ASSQ and ColorVision

774/6216: calculated similarity between ASSQ and ConsensusD

775/6216: calculated similarity between ASSQ and CPIC

776/6216: calculated similarity between ASSQ and CSSRS

777/6216: calculated similarity between ASSQ and CTOPP

778/6216: calculated similarity between ASSQ and DailyMed

779/6216: calculated similarity between ASSQ and Diagnosis_KSADS

780/6216: calculated similarity between ASSQ and DigitSpan

781/6216: calculated similarity between ASSQ and Dishion_Teacher

782/6216: calculated similarity between ASSQ and DrugScreen

783/6216: calculated similarity between ASSQ and DTS

784/6216: calculated similarity between ASSQ and EEG_Track

785/6216: calculated similarity between ASSQ and EHQ

786/6216: calculated similarity between ASSQ and ESPAD

787/6216: calculated similarity between ASSQ and ESWAN

788/6216: calculated similarity between ASSQ and FGA

789/6216: calculated similarity between ASSQ and FGC

790/6216: calculated similarity between ASSQ and Fitness_Aerobic

791/6216: calculated similarity between ASSQ and Fitness_Endurance

792/6216: calculated similarity between ASSQ and FSQ

793/6216: calculated similarity between ASSQ and FTND

794/6216: calculated similarity between ASSQ and FTQA

795/6216: calculated similarity between ASSQ and GARS

796/6216: calculated similarity between ASSQ and GFTA

797/6216: calculated similarity between ASSQ and GRIT

798/6216: calculated similarity between ASSQ and GSE

799/6216: calculated similarity between ASSQ and IAT

800/6216: calculated similarity between ASSQ and ICU_P

801/6216: calculated similarity between ASSQ and ICU_SR

802/6216: calculated similarity between ASSQ and IUQ_SR

803/6216: calculated similarity between ASSQ and IUQ_P

804/6216: calculated similarity between ASSQ and KBIT

805/6216: calculated similarity between ASSQ and MFQ_P

806/6216: calculated similarity between ASSQ and MFQ_SR

807/6216: calculated similarity between ASSQ and MRI_Track

808/6216: calculated similarity between ASSQ and NIH_Full

809/6216: calculated similarity between ASSQ and NIH_Score

810/6216: calculated similarity between ASSQ and NLES_P

811/6216: calculated similarity between ASSQ and NLES_SR

812/6216: calculated similarity between ASSQ and PANAS

813/6216: calculated similarity between ASSQ and PAQ_A

814/6216: calculated similarity between ASSQ and PBQ

815/6216: calculated similarity between ASSQ and PBS

816/6216: calculated similarity between ASSQ and PCIAT

817/6216: calculated similarity between ASSQ and Peds_Migraine

818/6216: calculated similarity between ASSQ and Pegboard

819/6216: calculated similarity between ASSQ and PhenX_Neighborhood

820/6216: calculated similarity between ASSQ and PhenX_Schoo

821/6216: calculated similarity between ASSQ and Physical

822/6216: calculated similarity between ASSQ and PMHS

823/6216: calculated similarity between ASSQ and PPS

824/6216: calculated similarity between ASSQ and PPVT

825/6216: calculated similarity between ASSQ and Pregnancy

826/6216: calculated similarity between ASSQ and PreInt_Demos_Home

827/6216: calculated similarity between ASSQ and PreInt_DevH

828/6216: calculated similarity between ASSQ and PreInt_EduH

829/6216: calculated similarity between ASSQ and PreInt_FamH

830/6216: calculated similarity between ASSQ and PreInt_FamHx_RDC

831/6216: calculated similarity between ASSQ and PreInt_Lang

832/6216: calculated similarity between ASSQ and PreInt_TxH

833/6216: calculated similarity between ASSQ and PSI

834/6216: calculated similarity between ASSQ and RBS

835/6216: calculated similarity between ASSQ and RemoteTask

836/6216: calculated similarity between ASSQ and SAS

837/6216: calculated similarity between ASSQ and SCARED_P

838/6216: calculated similarity between ASSQ and SCARED_SR

839/6216: calculated similarity between ASSQ and SCQ

840/6216: calculated similarity between ASSQ and SDQ

841/6216: calculated similarity between ASSQ and SDS

842/6216: calculated similarity between ASSQ and SRS

843/6216: calculated similarity between ASSQ and SRS_Pre

844/6216: calculated similarity between ASSQ and STAI

845/6216: calculated similarity between ASSQ and SWAN

846/6216: calculated similarity between ASSQ and TRF

847/6216: calculated similarity between ASSQ and TRF_P

848/6216: calculated similarity between ASSQ and Vineland

849/6216: calculated similarity between ASSQ and WAIS

850/6216: calculated similarity between ASSQ and WAIS_abb

851/6216: calculated similarity between ASSQ and WASI

852/6216: calculated similarity between ASSQ and WHODAS_P

853/6216: calculated similarity between ASSQ and WHODAS_SR

854/6216: calculated similarity between ASSQ and WIAT

855/6216: calculated similarity between ASSQ and WISC

856/6216: calculated similarity between ASSQ and YFAS

857/6216: calculated similarity between ASSQ and YFAS_C

858/6216: calculated similarity between ASSQ and YSR

859/6216: calculated similarity between ASSQ and SympChck

860/6216: calculated similarity between AUDIT and Barratt

861/6216: calculated similarity between AUDIT and BasicDemo

862/6216: calculated similarity between AUDIT and BIA

863/6216: calculated similarity between AUDIT and C3SR

864/6216: calculated similarity between AUDIT and CAARS

865/6216: calculated similarity between AUDIT and CBCL

866/6216: calculated similarity between AUDIT and CBCL_Pre

867/6216: calculated similarity between AUDIT and CCSC

868/6216: calculated similarity between AUDIT and CELF

869/6216: calculated similarity between AUDIT and CELF_Full_9to21

870/6216: calculated similarity between AUDIT and CELF_Full_5to8

871/6216: calculated similarity between AUDIT and CELF_Meta

872/6216: calculated similarity between AUDIT and CFS

873/6216: calculated similarity between AUDIT and CGAS

874/6216: calculated similarity between AUDIT and CIS_P

875/6216: calculated similarity between AUDIT and CIS_SR

876/6216: calculated similarity between AUDIT and ColorVision

877/6216: calculated similarity between AUDIT and ConsensusD

878/6216: calculated similarity between AUDIT and CPIC

879/6216: calculated similarity between AUDIT and CSSRS

880/6216: calculated similarity between AUDIT and CTOPP

881/6216: calculated similarity between AUDIT and DailyMed

882/6216: calculated similarity between AUDIT and Diagnosis_KSADS

883/6216: calculated similarity between AUDIT and DigitSpan

884/6216: calculated similarity between AUDIT and Dishion_Teacher

885/6216: calculated similarity between AUDIT and DrugScreen

886/6216: calculated similarity between AUDIT and DTS

887/6216: calculated similarity between AUDIT and EEG_Track

888/6216: calculated similarity between AUDIT and EHQ

889/6216: calculated similarity between AUDIT and ESPAD

890/6216: calculated similarity between AUDIT and ESWAN

891/6216: calculated similarity between AUDIT and FGA

892/6216: calculated similarity between AUDIT and FGC

893/6216: calculated similarity between AUDIT and Fitness_Aerobic

894/6216: calculated similarity between AUDIT and Fitness_Endurance

895/6216: calculated similarity between AUDIT and FSQ

896/6216: calculated similarity between AUDIT and FTND

897/6216: calculated similarity between AUDIT and FTQA

898/6216: calculated similarity between AUDIT and GARS

899/6216: calculated similarity between AUDIT and GFTA

900/6216: calculated similarity between AUDIT and GRIT

901/6216: calculated similarity between AUDIT and GSE

902/6216: calculated similarity between AUDIT and IAT

903/6216: calculated similarity between AUDIT and ICU_P

904/6216: calculated similarity between AUDIT and ICU_SR

905/6216: calculated similarity between AUDIT and IUQ_SR

906/6216: calculated similarity between AUDIT and IUQ_P

907/6216: calculated similarity between AUDIT and KBIT

908/6216: calculated similarity between AUDIT and MFQ_P

909/6216: calculated similarity between AUDIT and MFQ_SR

910/6216: calculated similarity between AUDIT and MRI_Track

911/6216: calculated similarity between AUDIT and NIH_Full

912/6216: calculated similarity between AUDIT and NIH_Score

913/6216: calculated similarity between AUDIT and NLES_P

914/6216: calculated similarity between AUDIT and NLES_SR

915/6216: calculated similarity between AUDIT and PANAS

916/6216: calculated similarity between AUDIT and PAQ_A

917/6216: calculated similarity between AUDIT and PBQ

918/6216: calculated similarity between AUDIT and PBS

919/6216: calculated similarity between AUDIT and PCIAT

920/6216: calculated similarity between AUDIT and Peds_Migraine

921/6216: calculated similarity between AUDIT and Pegboard

922/6216: calculated similarity between AUDIT and PhenX_Neighborhood

923/6216: calculated similarity between AUDIT and PhenX_Schoo

924/6216: calculated similarity between AUDIT and Physical

925/6216: calculated similarity between AUDIT and PMHS

926/6216: calculated similarity between AUDIT and PPS

927/6216: calculated similarity between AUDIT and PPVT

928/6216: calculated similarity between AUDIT and Pregnancy

929/6216: calculated similarity between AUDIT and PreInt_Demos_Home

930/6216: calculated similarity between AUDIT and PreInt_DevH

931/6216: calculated similarity between AUDIT and PreInt_EduH

932/6216: calculated similarity between AUDIT and PreInt_FamH

933/6216: calculated similarity between AUDIT and PreInt_FamHx_RDC

934/6216: calculated similarity between AUDIT and PreInt_Lang

935/6216: calculated similarity between AUDIT and PreInt_TxH

936/6216: calculated similarity between AUDIT and PSI

937/6216: calculated similarity between AUDIT and RBS

938/6216: calculated similarity between AUDIT and RemoteTask

939/6216: calculated similarity between AUDIT and SAS

940/6216: calculated similarity between AUDIT and SCARED_P

941/6216: calculated similarity between AUDIT and SCARED_SR

942/6216: calculated similarity between AUDIT and SCQ

943/6216: calculated similarity between AUDIT and SDQ

944/6216: calculated similarity between AUDIT and SDS

945/6216: calculated similarity between AUDIT and SRS

946/6216: calculated similarity between AUDIT and SRS_Pre

947/6216: calculated similarity between AUDIT and STAI

948/6216: calculated similarity between AUDIT and SWAN

949/6216: calculated similarity between AUDIT and TRF

950/6216: calculated similarity between AUDIT and TRF_P

951/6216: calculated similarity between AUDIT and Vineland

952/6216: calculated similarity between AUDIT and WAIS

953/6216: calculated similarity between AUDIT and WAIS_abb

954/6216: calculated similarity between AUDIT and WASI

955/6216: calculated similarity between AUDIT and WHODAS_P

956/6216: calculated similarity between AUDIT and WHODAS_SR

957/6216: calculated similarity between AUDIT and WIAT

958/6216: calculated similarity between AUDIT and WISC

959/6216: calculated similarity between AUDIT and YFAS

960/6216: calculated similarity between AUDIT and YFAS_C

961/6216: calculated similarity between AUDIT and YSR

962/6216: calculated similarity between AUDIT and SympChck

963/6216: calculated similarity between Barratt and BasicDemo

964/6216: calculated similarity between Barratt and BIA

965/6216: calculated similarity between Barratt and C3SR

966/6216: calculated similarity between Barratt and CAARS

967/6216: calculated similarity between Barratt and CBCL

968/6216: calculated similarity between Barratt and CBCL_Pre

969/6216: calculated similarity between Barratt and CCSC

970/6216: calculated similarity between Barratt and CELF

971/6216: calculated similarity between Barratt and CELF_Full_9to21

972/6216: calculated similarity between Barratt and CELF_Full_5to8

973/6216: calculated similarity between Barratt and CELF_Meta

974/6216: calculated similarity between Barratt and CFS

975/6216: calculated similarity between Barratt and CGAS

976/6216: calculated similarity between Barratt and CIS_P

977/6216: calculated similarity between Barratt and CIS_SR

978/6216: calculated similarity between Barratt and ColorVision

979/6216: calculated similarity between Barratt and ConsensusD

980/6216: calculated similarity between Barratt and CPIC

981/6216: calculated similarity between Barratt and CSSRS

982/6216: calculated similarity between Barratt and CTOPP

983/6216: calculated similarity between Barratt and DailyMed

984/6216: calculated similarity between Barratt and Diagnosis_KSADS

985/6216: calculated similarity between Barratt and DigitSpan

986/6216: calculated similarity between Barratt and Dishion_Teacher

987/6216: calculated similarity between Barratt and DrugScreen

988/6216: calculated similarity between Barratt and DTS

989/6216: calculated similarity between Barratt and EEG_Track

990/6216: calculated similarity between Barratt and EHQ

991/6216: calculated similarity between Barratt and ESPAD

992/6216: calculated similarity between Barratt and ESWAN

993/6216: calculated similarity between Barratt and FGA

994/6216: calculated similarity between Barratt and FGC

995/6216: calculated similarity between Barratt and Fitness_Aerobic

996/6216: calculated similarity between Barratt and Fitness_Endurance

997/6216: calculated similarity between Barratt and FSQ

998/6216: calculated similarity between Barratt and FTND

999/6216: calculated similarity between Barratt and FTQA

1000/6216: calculated similarity between Barratt and GARS

1001/6216: calculated similarity between Barratt and GFTA

1002/6216: calculated similarity between Barratt and GRIT

1003/6216: calculated similarity between Barratt and GSE

1004/6216: calculated similarity between Barratt and IAT

1005/6216: calculated similarity between Barratt and ICU_P

1006/6216: calculated similarity between Barratt and ICU_SR

1007/6216: calculated similarity between Barratt and IUQ_SR

1008/6216: calculated similarity between Barratt and IUQ_P

1009/6216: calculated similarity between Barratt and KBIT

1010/6216: calculated similarity between Barratt and MFQ_P

1011/6216: calculated similarity between Barratt and MFQ_SR

1012/6216: calculated similarity between Barratt and MRI_Track

1013/6216: calculated similarity between Barratt and NIH_Full

1014/6216: calculated similarity between Barratt and NIH_Score

1015/6216: calculated similarity between Barratt and NLES_P

1016/6216: calculated similarity between Barratt and NLES_SR

1017/6216: calculated similarity between Barratt and PANAS

1018/6216: calculated similarity between Barratt and PAQ_A

1019/6216: calculated similarity between Barratt and PBQ

1020/6216: calculated similarity between Barratt and PBS

1021/6216: calculated similarity between Barratt and PCIAT

1022/6216: calculated similarity between Barratt and Peds_Migraine

1023/6216: calculated similarity between Barratt and Pegboard

1024/6216: calculated similarity between Barratt and PhenX_Neighborhood

1025/6216: calculated similarity between Barratt and PhenX_Schoo

1026/6216: calculated similarity between Barratt and Physical

1027/6216: calculated similarity between Barratt and PMHS

1028/6216: calculated similarity between Barratt and PPS

1029/6216: calculated similarity between Barratt and PPVT

1030/6216: calculated similarity between Barratt and Pregnancy

1031/6216: calculated similarity between Barratt and PreInt_Demos_Home

1032/6216: calculated similarity between Barratt and PreInt_DevH

1033/6216: calculated similarity between Barratt and PreInt_EduH

1034/6216: calculated similarity between Barratt and PreInt_FamH

1035/6216: calculated similarity between Barratt and PreInt_FamHx_RDC

1036/6216: calculated similarity between Barratt and PreInt_Lang

1037/6216: calculated similarity between Barratt and PreInt_TxH

1038/6216: calculated similarity between Barratt and PSI

1039/6216: calculated similarity between Barratt and RBS

1040/6216: calculated similarity between Barratt and RemoteTask

1041/6216: calculated similarity between Barratt and SAS

1042/6216: calculated similarity between Barratt and SCARED_P

1043/6216: calculated similarity between Barratt and SCARED_SR

1044/6216: calculated similarity between Barratt and SCQ

1045/6216: calculated similarity between Barratt and SDQ

1046/6216: calculated similarity between Barratt and SDS

1047/6216: calculated similarity between Barratt and SRS

1048/6216: calculated similarity between Barratt and SRS_Pre

1049/6216: calculated similarity between Barratt and STAI

1050/6216: calculated similarity between Barratt and SWAN

1051/6216: calculated similarity between Barratt and TRF

1052/6216: calculated similarity between Barratt and TRF_P

1053/6216: calculated similarity between Barratt and Vineland

1054/6216: calculated similarity between Barratt and WAIS

1055/6216: calculated similarity between Barratt and WAIS_abb

1056/6216: calculated similarity between Barratt and WASI

1057/6216: calculated similarity between Barratt and WHODAS_P

1058/6216: calculated similarity between Barratt and WHODAS_SR

1059/6216: calculated similarity between Barratt and WIAT

1060/6216: calculated similarity between Barratt and WISC

1061/6216: calculated similarity between Barratt and YFAS

1062/6216: calculated similarity between Barratt and YFAS_C

1063/6216: calculated similarity between Barratt and YSR

1064/6216: calculated similarity between Barratt and SympChck

1065/6216: calculated similarity between BasicDemo and BIA

1066/6216: calculated similarity between BasicDemo and C3SR

1067/6216: calculated similarity between BasicDemo and CAARS

1068/6216: calculated similarity between BasicDemo and CBCL

1069/6216: calculated similarity between BasicDemo and CBCL_Pre

1070/6216: calculated similarity between BasicDemo and CCSC

1071/6216: calculated similarity between BasicDemo and CELF

1072/6216: calculated similarity between BasicDemo and CELF_Full_9to21

1073/6216: calculated similarity between BasicDemo and CELF_Full_5to8

1074/6216: calculated similarity between BasicDemo and CELF_Meta

1075/6216: calculated similarity between BasicDemo and CFS

1076/6216: calculated similarity between BasicDemo and CGAS

1077/6216: calculated similarity between BasicDemo and CIS_P

1078/6216: calculated similarity between BasicDemo and CIS_SR

1079/6216: calculated similarity between BasicDemo and ColorVision

1080/6216: calculated similarity between BasicDemo and ConsensusD

1081/6216: calculated similarity between BasicDemo and CPIC

1082/6216: calculated similarity between BasicDemo and CSSRS

1083/6216: calculated similarity between BasicDemo and CTOPP

1084/6216: calculated similarity between BasicDemo and DailyMed

1085/6216: calculated similarity between BasicDemo and Diagnosis_KSADS

1086/6216: calculated similarity between BasicDemo and DigitSpan

1087/6216: calculated similarity between BasicDemo and Dishion_Teacher

1088/6216: calculated similarity between BasicDemo and DrugScreen

1089/6216: calculated similarity between BasicDemo and DTS

1090/6216: calculated similarity between BasicDemo and EEG_Track

1091/6216: calculated similarity between BasicDemo and EHQ

1092/6216: calculated similarity between BasicDemo and ESPAD

1093/6216: calculated similarity between BasicDemo and ESWAN

1094/6216: calculated similarity between BasicDemo and FGA

1095/6216: calculated similarity between BasicDemo and FGC

1096/6216: calculated similarity between BasicDemo and Fitness_Aerobic

1097/6216: calculated similarity between BasicDemo and Fitness_Endurance

1098/6216: calculated similarity between BasicDemo and FSQ

1099/6216: calculated similarity between BasicDemo and FTND

1100/6216: calculated similarity between BasicDemo and FTQA

1101/6216: calculated similarity between BasicDemo and GARS

1102/6216: calculated similarity between BasicDemo and GFTA

1103/6216: calculated similarity between BasicDemo and GRIT

1104/6216: calculated similarity between BasicDemo and GSE

1105/6216: calculated similarity between BasicDemo and IAT

1106/6216: calculated similarity between BasicDemo and ICU_P

1107/6216: calculated similarity between BasicDemo and ICU_SR

1108/6216: calculated similarity between BasicDemo and IUQ_SR

1109/6216: calculated similarity between BasicDemo and IUQ_P

1110/6216: calculated similarity between BasicDemo and KBIT

1111/6216: calculated similarity between BasicDemo and MFQ_P

1112/6216: calculated similarity between BasicDemo and MFQ_SR

1113/6216: calculated similarity between BasicDemo and MRI_Track

1114/6216: calculated similarity between BasicDemo and NIH_Full

1115/6216: calculated similarity between BasicDemo and NIH_Score

1116/6216: calculated similarity between BasicDemo and NLES_P

1117/6216: calculated similarity between BasicDemo and NLES_SR

1118/6216: calculated similarity between BasicDemo and PANAS

1119/6216: calculated similarity between BasicDemo and PAQ_A

1120/6216: calculated similarity between BasicDemo and PBQ

1121/6216: calculated similarity between BasicDemo and PBS

1122/6216: calculated similarity between BasicDemo and PCIAT

1123/6216: calculated similarity between BasicDemo and Peds_Migraine

1124/6216: calculated similarity between BasicDemo and Pegboard

1125/6216: calculated similarity between BasicDemo and PhenX_Neighborhood

1126/6216: calculated similarity between BasicDemo and PhenX_Schoo

1127/6216: calculated similarity between BasicDemo and Physical

1128/6216: calculated similarity between BasicDemo and PMHS

1129/6216: calculated similarity between BasicDemo and PPS

1130/6216: calculated similarity between BasicDemo and PPVT

1131/6216: calculated similarity between BasicDemo and Pregnancy

1132/6216: calculated similarity between BasicDemo and PreInt_Demos_Home

1133/6216: calculated similarity between BasicDemo and PreInt_DevH

1134/6216: calculated similarity between BasicDemo and PreInt_EduH

1135/6216: calculated similarity between BasicDemo and PreInt_FamH

1136/6216: calculated similarity between BasicDemo and PreInt_FamHx_RDC

1137/6216: calculated similarity between BasicDemo and PreInt_Lang

1138/6216: calculated similarity between BasicDemo and PreInt_TxH

1139/6216: calculated similarity between BasicDemo and PSI

1140/6216: calculated similarity between BasicDemo and RBS

1141/6216: calculated similarity between BasicDemo and RemoteTask

1142/6216: calculated similarity between BasicDemo and SAS

1143/6216: calculated similarity between BasicDemo and SCARED_P

1144/6216: calculated similarity between BasicDemo and SCARED_SR

1145/6216: calculated similarity between BasicDemo and SCQ

1146/6216: calculated similarity between BasicDemo and SDQ

1147/6216: calculated similarity between BasicDemo and SDS

1148/6216: calculated similarity between BasicDemo and SRS

1149/6216: calculated similarity between BasicDemo and SRS_Pre

1150/6216: calculated similarity between BasicDemo and STAI

1151/6216: calculated similarity between BasicDemo and SWAN

1152/6216: calculated similarity between BasicDemo and TRF

1153/6216: calculated similarity between BasicDemo and TRF_P

1154/6216: calculated similarity between BasicDemo and Vineland

1155/6216: calculated similarity between BasicDemo and WAIS

1156/6216: calculated similarity between BasicDemo and WAIS_abb

1157/6216: calculated similarity between BasicDemo and WASI

1158/6216: calculated similarity between BasicDemo and WHODAS_P

1159/6216: calculated similarity between BasicDemo and WHODAS_SR

1160/6216: calculated similarity between BasicDemo and WIAT

1161/6216: calculated similarity between BasicDemo and WISC

1162/6216: calculated similarity between BasicDemo and YFAS

1163/6216: calculated similarity between BasicDemo and YFAS_C

1164/6216: calculated similarity between BasicDemo and YSR

1165/6216: calculated similarity between BasicDemo and SympChck

1166/6216: calculated similarity between BIA and C3SR

1167/6216: calculated similarity between BIA and CAARS

1168/6216: calculated similarity between BIA and CBCL

1169/6216: calculated similarity between BIA and CBCL_Pre

1170/6216: calculated similarity between BIA and CCSC

1171/6216: calculated similarity between BIA and CELF

1172/6216: calculated similarity between BIA and CELF_Full_9to21

1173/6216: calculated similarity between BIA and CELF_Full_5to8

1174/6216: calculated similarity between BIA and CELF_Meta

1175/6216: calculated similarity between BIA and CFS

1176/6216: calculated similarity between BIA and CGAS

1177/6216: calculated similarity between BIA and CIS_P

1178/6216: calculated similarity between BIA and CIS_SR

1179/6216: calculated similarity between BIA and ColorVision

1180/6216: calculated similarity between BIA and ConsensusD

1181/6216: calculated similarity between BIA and CPIC

1182/6216: calculated similarity between BIA and CSSRS

1183/6216: calculated similarity between BIA and CTOPP

1184/6216: calculated similarity between BIA and DailyMed

1185/6216: calculated similarity between BIA and Diagnosis_KSADS

1186/6216: calculated similarity between BIA and DigitSpan

1187/6216: calculated similarity between BIA and Dishion_Teacher

1188/6216: calculated similarity between BIA and DrugScreen

1189/6216: calculated similarity between BIA and DTS

1190/6216: calculated similarity between BIA and EEG_Track

1191/6216: calculated similarity between BIA and EHQ

1192/6216: calculated similarity between BIA and ESPAD

1193/6216: calculated similarity between BIA and ESWAN

1194/6216: calculated similarity between BIA and FGA

1195/6216: calculated similarity between BIA and FGC

1196/6216: calculated similarity between BIA and Fitness_Aerobic

1197/6216: calculated similarity between BIA and Fitness_Endurance

1198/6216: calculated similarity between BIA and FSQ

1199/6216: calculated similarity between BIA and FTND

1200/6216: calculated similarity between BIA and FTQA

1201/6216: calculated similarity between BIA and GARS

1202/6216: calculated similarity between BIA and GFTA

1203/6216: calculated similarity between BIA and GRIT

1204/6216: calculated similarity between BIA and GSE

1205/6216: calculated similarity between BIA and IAT

1206/6216: calculated similarity between BIA and ICU_P

1207/6216: calculated similarity between BIA and ICU_SR

1208/6216: calculated similarity between BIA and IUQ_SR

1209/6216: calculated similarity between BIA and IUQ_P

1210/6216: calculated similarity between BIA and KBIT

1211/6216: calculated similarity between BIA and MFQ_P

1212/6216: calculated similarity between BIA and MFQ_SR

1213/6216: calculated similarity between BIA and MRI_Track

1214/6216: calculated similarity between BIA and NIH_Full

1215/6216: calculated similarity between BIA and NIH_Score

1216/6216: calculated similarity between BIA and NLES_P

1217/6216: calculated similarity between BIA and NLES_SR

1218/6216: calculated similarity between BIA and PANAS

1219/6216: calculated similarity between BIA and PAQ_A

1220/6216: calculated similarity between BIA and PBQ

1221/6216: calculated similarity between BIA and PBS

1222/6216: calculated similarity between BIA and PCIAT

1223/6216: calculated similarity between BIA and Peds_Migraine

1224/6216: calculated similarity between BIA and Pegboard

1225/6216: calculated similarity between BIA and PhenX_Neighborhood

1226/6216: calculated similarity between BIA and PhenX_Schoo

1227/6216: calculated similarity between BIA and Physical

1228/6216: calculated similarity between BIA and PMHS

1229/6216: calculated similarity between BIA and PPS

1230/6216: calculated similarity between BIA and PPVT

1231/6216: calculated similarity between BIA and Pregnancy

1232/6216: calculated similarity between BIA and PreInt_Demos_Home

1233/6216: calculated similarity between BIA and PreInt_DevH

1234/6216: calculated similarity between BIA and PreInt_EduH

1235/6216: calculated similarity between BIA and PreInt_FamH

1236/6216: calculated similarity between BIA and PreInt_FamHx_RDC

1237/6216: calculated similarity between BIA and PreInt_Lang

1238/6216: calculated similarity between BIA and PreInt_TxH

1239/6216: calculated similarity between BIA and PSI

1240/6216: calculated similarity between BIA and RBS

1241/6216: calculated similarity between BIA and RemoteTask

1242/6216: calculated similarity between BIA and SAS

1243/6216: calculated similarity between BIA and SCARED_P

1244/6216: calculated similarity between BIA and SCARED_SR

1245/6216: calculated similarity between BIA and SCQ

1246/6216: calculated similarity between BIA and SDQ

1247/6216: calculated similarity between BIA and SDS

1248/6216: calculated similarity between BIA and SRS

1249/6216: calculated similarity between BIA and SRS_Pre

1250/6216: calculated similarity between BIA and STAI

1251/6216: calculated similarity between BIA and SWAN

1252/6216: calculated similarity between BIA and TRF

1253/6216: calculated similarity between BIA and TRF_P

1254/6216: calculated similarity between BIA and Vineland

1255/6216: calculated similarity between BIA and WAIS

1256/6216: calculated similarity between BIA and WAIS_abb

1257/6216: calculated similarity between BIA and WASI

1258/6216: calculated similarity between BIA and WHODAS_P

1259/6216: calculated similarity between BIA and WHODAS_SR

1260/6216: calculated similarity between BIA and WIAT

1261/6216: calculated similarity between BIA and WISC

1262/6216: calculated similarity between BIA and YFAS

1263/6216: calculated similarity between BIA and YFAS_C

1264/6216: calculated similarity between BIA and YSR

1265/6216: calculated similarity between BIA and SympChck

1266/6216: calculated similarity between C3SR and CAARS

1267/6216: calculated similarity between C3SR and CBCL

1268/6216: calculated similarity between C3SR and CBCL_Pre

1269/6216: calculated similarity between C3SR and CCSC

1270/6216: calculated similarity between C3SR and CELF

1271/6216: calculated similarity between C3SR and CELF_Full_9to21

1272/6216: calculated similarity between C3SR and CELF_Full_5to8

1273/6216: calculated similarity between C3SR and CELF_Meta

1274/6216: calculated similarity between C3SR and CFS

1275/6216: calculated similarity between C3SR and CGAS

1276/6216: calculated similarity between C3SR and CIS_P

1277/6216: calculated similarity between C3SR and CIS_SR

1278/6216: calculated similarity between C3SR and ColorVision

1279/6216: calculated similarity between C3SR and ConsensusD

1280/6216: calculated similarity between C3SR and CPIC

1281/6216: calculated similarity between C3SR and CSSRS

1282/6216: calculated similarity between C3SR and CTOPP

1283/6216: calculated similarity between C3SR and DailyMed

1284/6216: calculated similarity between C3SR and Diagnosis_KSADS

1285/6216: calculated similarity between C3SR and DigitSpan

1286/6216: calculated similarity between C3SR and Dishion_Teacher

1287/6216: calculated similarity between C3SR and DrugScreen

1288/6216: calculated similarity between C3SR and DTS

1289/6216: calculated similarity between C3SR and EEG_Track

1290/6216: calculated similarity between C3SR and EHQ

1291/6216: calculated similarity between C3SR and ESPAD

1292/6216: calculated similarity between C3SR and ESWAN

1293/6216: calculated similarity between C3SR and FGA

1294/6216: calculated similarity between C3SR and FGC

1295/6216: calculated similarity between C3SR and Fitness_Aerobic

1296/6216: calculated similarity between C3SR and Fitness_Endurance

1297/6216: calculated similarity between C3SR and FSQ

1298/6216: calculated similarity between C3SR and FTND

1299/6216: calculated similarity between C3SR and FTQA

1300/6216: calculated similarity between C3SR and GARS

1301/6216: calculated similarity between C3SR and GFTA

1302/6216: calculated similarity between C3SR and GRIT

1303/6216: calculated similarity between C3SR and GSE

1304/6216: calculated similarity between C3SR and IAT

1305/6216: calculated similarity between C3SR and ICU_P

1306/6216: calculated similarity between C3SR and ICU_SR

1307/6216: calculated similarity between C3SR and IUQ_SR

1308/6216: calculated similarity between C3SR and IUQ_P

1309/6216: calculated similarity between C3SR and KBIT

1310/6216: calculated similarity between C3SR and MFQ_P

1311/6216: calculated similarity between C3SR and MFQ_SR

1312/6216: calculated similarity between C3SR and MRI_Track

1313/6216: calculated similarity between C3SR and NIH_Full

1314/6216: calculated similarity between C3SR and NIH_Score

1315/6216: calculated similarity between C3SR and NLES_P

1316/6216: calculated similarity between C3SR and NLES_SR

1317/6216: calculated similarity between C3SR and PANAS

1318/6216: calculated similarity between C3SR and PAQ_A

1319/6216: calculated similarity between C3SR and PBQ

1320/6216: calculated similarity between C3SR and PBS

1321/6216: calculated similarity between C3SR and PCIAT

1322/6216: calculated similarity between C3SR and Peds_Migraine

1323/6216: calculated similarity between C3SR and Pegboard

1324/6216: calculated similarity between C3SR and PhenX_Neighborhood

1325/6216: calculated similarity between C3SR and PhenX_Schoo

1326/6216: calculated similarity between C3SR and Physical

1327/6216: calculated similarity between C3SR and PMHS

1328/6216: calculated similarity between C3SR and PPS

1329/6216: calculated similarity between C3SR and PPVT

1330/6216: calculated similarity between C3SR and Pregnancy

1331/6216: calculated similarity between C3SR and PreInt_Demos_Home

1332/6216: calculated similarity between C3SR and PreInt_DevH

1333/6216: calculated similarity between C3SR and PreInt_EduH

1334/6216: calculated similarity between C3SR and PreInt_FamH

1335/6216: calculated similarity between C3SR and PreInt_FamHx_RDC

1336/6216: calculated similarity between C3SR and PreInt_Lang

1337/6216: calculated similarity between C3SR and PreInt_TxH

1338/6216: calculated similarity between C3SR and PSI

1339/6216: calculated similarity between C3SR and RBS

1340/6216: calculated similarity between C3SR and RemoteTask

1341/6216: calculated similarity between C3SR and SAS

1342/6216: calculated similarity between C3SR and SCARED_P

1343/6216: calculated similarity between C3SR and SCARED_SR

1344/6216: calculated similarity between C3SR and SCQ

1345/6216: calculated similarity between C3SR and SDQ

1346/6216: calculated similarity between C3SR and SDS

1347/6216: calculated similarity between C3SR and SRS

1348/6216: calculated similarity between C3SR and SRS_Pre

1349/6216: calculated similarity between C3SR and STAI

1350/6216: calculated similarity between C3SR and SWAN

1351/6216: calculated similarity between C3SR and TRF

1352/6216: calculated similarity between C3SR and TRF_P

1353/6216: calculated similarity between C3SR and Vineland

1354/6216: calculated similarity between C3SR and WAIS

1355/6216: calculated similarity between C3SR and WAIS_abb

1356/6216: calculated similarity between C3SR and WASI

1357/6216: calculated similarity between C3SR and WHODAS_P

1358/6216: calculated similarity between C3SR and WHODAS_SR

1359/6216: calculated similarity between C3SR and WIAT

1360/6216: calculated similarity between C3SR and WISC

1361/6216: calculated similarity between C3SR and YFAS

1362/6216: calculated similarity between C3SR and YFAS_C

1363/6216: calculated similarity between C3SR and YSR

1364/6216: calculated similarity between C3SR and SympChck

1365/6216: calculated similarity between CAARS and CBCL

1366/6216: calculated similarity between CAARS and CBCL_Pre

1367/6216: calculated similarity between CAARS and CCSC

1368/6216: calculated similarity between CAARS and CELF

1369/6216: calculated similarity between CAARS and CELF_Full_9to21

1370/6216: calculated similarity between CAARS and CELF_Full_5to8

1371/6216: calculated similarity between CAARS and CELF_Meta

1372/6216: calculated similarity between CAARS and CFS

1373/6216: calculated similarity between CAARS and CGAS

1374/6216: calculated similarity between CAARS and CIS_P

1375/6216: calculated similarity between CAARS and CIS_SR

1376/6216: calculated similarity between CAARS and ColorVision

1377/6216: calculated similarity between CAARS and ConsensusD

1378/6216: calculated similarity between CAARS and CPIC

1379/6216: calculated similarity between CAARS and CSSRS

1380/6216: calculated similarity between CAARS and CTOPP

1381/6216: calculated similarity between CAARS and DailyMed

1382/6216: calculated similarity between CAARS and Diagnosis_KSADS

1383/6216: calculated similarity between CAARS and DigitSpan

1384/6216: calculated similarity between CAARS and Dishion_Teacher

1385/6216: calculated similarity between CAARS and DrugScreen

1386/6216: calculated similarity between CAARS and DTS

1387/6216: calculated similarity between CAARS and EEG_Track

1388/6216: calculated similarity between CAARS and EHQ

1389/6216: calculated similarity between CAARS and ESPAD

1390/6216: calculated similarity between CAARS and ESWAN

1391/6216: calculated similarity between CAARS and FGA

1392/6216: calculated similarity between CAARS and FGC

1393/6216: calculated similarity between CAARS and Fitness_Aerobic

1394/6216: calculated similarity between CAARS and Fitness_Endurance

1395/6216: calculated similarity between CAARS and FSQ

1396/6216: calculated similarity between CAARS and FTND

1397/6216: calculated similarity between CAARS and FTQA

1398/6216: calculated similarity between CAARS and GARS

1399/6216: calculated similarity between CAARS and GFTA

1400/6216: calculated similarity between CAARS and GRIT

1401/6216: calculated similarity between CAARS and GSE

1402/6216: calculated similarity between CAARS and IAT

1403/6216: calculated similarity between CAARS and ICU_P

1404/6216: calculated similarity between CAARS and ICU_SR

1405/6216: calculated similarity between CAARS and IUQ_SR

1406/6216: calculated similarity between CAARS and IUQ_P

1407/6216: calculated similarity between CAARS and KBIT

1408/6216: calculated similarity between CAARS and MFQ_P

1409/6216: calculated similarity between CAARS and MFQ_SR

1410/6216: calculated similarity between CAARS and MRI_Track

1411/6216: calculated similarity between CAARS and NIH_Full

1412/6216: calculated similarity between CAARS and NIH_Score

1413/6216: calculated similarity between CAARS and NLES_P

1414/6216: calculated similarity between CAARS and NLES_SR

1415/6216: calculated similarity between CAARS and PANAS

1416/6216: calculated similarity between CAARS and PAQ_A

1417/6216: calculated similarity between CAARS and PBQ

1418/6216: calculated similarity between CAARS and PBS

1419/6216: calculated similarity between CAARS and PCIAT

1420/6216: calculated similarity between CAARS and Peds_Migraine

1421/6216: calculated similarity between CAARS and Pegboard

1422/6216: calculated similarity between CAARS and PhenX_Neighborhood

1423/6216: calculated similarity between CAARS and PhenX_Schoo

1424/6216: calculated similarity between CAARS and Physical

1425/6216: calculated similarity between CAARS and PMHS

1426/6216: calculated similarity between CAARS and PPS

1427/6216: calculated similarity between CAARS and PPVT

1428/6216: calculated similarity between CAARS and Pregnancy

1429/6216: calculated similarity between CAARS and PreInt_Demos_Home

1430/6216: calculated similarity between CAARS and PreInt_DevH

1431/6216: calculated similarity between CAARS and PreInt_EduH

1432/6216: calculated similarity between CAARS and PreInt_FamH

1433/6216: calculated similarity between CAARS and PreInt_FamHx_RDC

1434/6216: calculated similarity between CAARS and PreInt_Lang

1435/6216: calculated similarity between CAARS and PreInt_TxH

1436/6216: calculated similarity between CAARS and PSI

1437/6216: calculated similarity between CAARS and RBS

1438/6216: calculated similarity between CAARS and RemoteTask

1439/6216: calculated similarity between CAARS and SAS

1440/6216: calculated similarity between CAARS and SCARED_P

1441/6216: calculated similarity between CAARS and SCARED_SR

1442/6216: calculated similarity between CAARS and SCQ

1443/6216: calculated similarity between CAARS and SDQ

1444/6216: calculated similarity between CAARS and SDS

1445/6216: calculated similarity between CAARS and SRS

1446/6216: calculated similarity between CAARS and SRS_Pre

1447/6216: calculated similarity between CAARS and STAI

1448/6216: calculated similarity between CAARS and SWAN

1449/6216: calculated similarity between CAARS and TRF

1450/6216: calculated similarity between CAARS and TRF_P

1451/6216: calculated similarity between CAARS and Vineland

1452/6216: calculated similarity between CAARS and WAIS

1453/6216: calculated similarity between CAARS and WAIS_abb

1454/6216: calculated similarity between CAARS and WASI

1455/6216: calculated similarity between CAARS and WHODAS_P

1456/6216: calculated similarity between CAARS and WHODAS_SR

1457/6216: calculated similarity between CAARS and WIAT

1458/6216: calculated similarity between CAARS and WISC

1459/6216: calculated similarity between CAARS and YFAS

1460/6216: calculated similarity between CAARS and YFAS_C

1461/6216: calculated similarity between CAARS and YSR

1462/6216: calculated similarity between CAARS and SympChck

1463/6216: calculated similarity between CBCL and CBCL_Pre

1464/6216: calculated similarity between CBCL and CCSC

1465/6216: calculated similarity between CBCL and CELF

1466/6216: calculated similarity between CBCL and CELF_Full_9to21

1467/6216: calculated similarity between CBCL and CELF_Full_5to8

1468/6216: calculated similarity between CBCL and CELF_Meta

1469/6216: calculated similarity between CBCL and CFS

1470/6216: calculated similarity between CBCL and CGAS

1471/6216: calculated similarity between CBCL and CIS_P

1472/6216: calculated similarity between CBCL and CIS_SR

1473/6216: calculated similarity between CBCL and ColorVision

1474/6216: calculated similarity between CBCL and ConsensusD

1475/6216: calculated similarity between CBCL and CPIC

1476/6216: calculated similarity between CBCL and CSSRS

1477/6216: calculated similarity between CBCL and CTOPP

1478/6216: calculated similarity between CBCL and DailyMed

1479/6216: calculated similarity between CBCL and Diagnosis_KSADS

1480/6216: calculated similarity between CBCL and DigitSpan

1481/6216: calculated similarity between CBCL and Dishion_Teacher

1482/6216: calculated similarity between CBCL and DrugScreen

1483/6216: calculated similarity between CBCL and DTS

1484/6216: calculated similarity between CBCL and EEG_Track

1485/6216: calculated similarity between CBCL and EHQ

1486/6216: calculated similarity between CBCL and ESPAD

1487/6216: calculated similarity between CBCL and ESWAN

1488/6216: calculated similarity between CBCL and FGA

1489/6216: calculated similarity between CBCL and FGC

1490/6216: calculated similarity between CBCL and Fitness_Aerobic

1491/6216: calculated similarity between CBCL and Fitness_Endurance

1492/6216: calculated similarity between CBCL and FSQ

1493/6216: calculated similarity between CBCL and FTND

1494/6216: calculated similarity between CBCL and FTQA

1495/6216: calculated similarity between CBCL and GARS

1496/6216: calculated similarity between CBCL and GFTA

1497/6216: calculated similarity between CBCL and GRIT

1498/6216: calculated similarity between CBCL and GSE

1499/6216: calculated similarity between CBCL and IAT

1500/6216: calculated similarity between CBCL and ICU_P

1501/6216: calculated similarity between CBCL and ICU_SR

1502/6216: calculated similarity between CBCL and IUQ_SR

1503/6216: calculated similarity between CBCL and IUQ_P

1504/6216: calculated similarity between CBCL and KBIT

1505/6216: calculated similarity between CBCL and MFQ_P

1506/6216: calculated similarity between CBCL and MFQ_SR

1507/6216: calculated similarity between CBCL and MRI_Track

1508/6216: calculated similarity between CBCL and NIH_Full

1509/6216: calculated similarity between CBCL and NIH_Score

1510/6216: calculated similarity between CBCL and NLES_P

1511/6216: calculated similarity between CBCL and NLES_SR

1512/6216: calculated similarity between CBCL and PANAS

1513/6216: calculated similarity between CBCL and PAQ_A

1514/6216: calculated similarity between CBCL and PBQ

1515/6216: calculated similarity between CBCL and PBS

1516/6216: calculated similarity between CBCL and PCIAT

1517/6216: calculated similarity between CBCL and Peds_Migraine

1518/6216: calculated similarity between CBCL and Pegboard

1519/6216: calculated similarity between CBCL and PhenX_Neighborhood

1520/6216: calculated similarity between CBCL and PhenX_Schoo

1521/6216: calculated similarity between CBCL and Physical

1522/6216: calculated similarity between CBCL and PMHS

1523/6216: calculated similarity between CBCL and PPS

1524/6216: calculated similarity between CBCL and PPVT

1525/6216: calculated similarity between CBCL and Pregnancy

1526/6216: calculated similarity between CBCL and PreInt_Demos_Home

1527/6216: calculated similarity between CBCL and PreInt_DevH

1528/6216: calculated similarity between CBCL and PreInt_EduH

1529/6216: calculated similarity between CBCL and PreInt_FamH

1530/6216: calculated similarity between CBCL and PreInt_FamHx_RDC

1531/6216: calculated similarity between CBCL and PreInt_Lang

1532/6216: calculated similarity between CBCL and PreInt_TxH

1533/6216: calculated similarity between CBCL and PSI

1534/6216: calculated similarity between CBCL and RBS

1535/6216: calculated similarity between CBCL and RemoteTask

1536/6216: calculated similarity between CBCL and SAS

1537/6216: calculated similarity between CBCL and SCARED_P

1538/6216: calculated similarity between CBCL and SCARED_SR

1539/6216: calculated similarity between CBCL and SCQ

1540/6216: calculated similarity between CBCL and SDQ

1541/6216: calculated similarity between CBCL and SDS

1542/6216: calculated similarity between CBCL and SRS

1543/6216: calculated similarity between CBCL and SRS_Pre

1544/6216: calculated similarity between CBCL and STAI

1545/6216: calculated similarity between CBCL and SWAN

1546/6216: calculated similarity between CBCL and TRF

1547/6216: calculated similarity between CBCL and TRF_P

1548/6216: calculated similarity between CBCL and Vineland

1549/6216: calculated similarity between CBCL and WAIS

1550/6216: calculated similarity between CBCL and WAIS_abb

1551/6216: calculated similarity between CBCL and WASI

1552/6216: calculated similarity between CBCL and WHODAS_P

1553/6216: calculated similarity between CBCL and WHODAS_SR

1554/6216: calculated similarity between CBCL and WIAT

1555/6216: calculated similarity between CBCL and WISC

1556/6216: calculated similarity between CBCL and YFAS

1557/6216: calculated similarity between CBCL and YFAS_C

1558/6216: calculated similarity between CBCL and YSR

1559/6216: calculated similarity between CBCL and SympChck

1560/6216: calculated similarity between CBCL_Pre and CCSC

1561/6216: calculated similarity between CBCL_Pre and CELF

1562/6216: calculated similarity between CBCL_Pre and CELF_Full_9to21

1563/6216: calculated similarity between CBCL_Pre and CELF_Full_5to8

1564/6216: calculated similarity between CBCL_Pre and CELF_Meta

1565/6216: calculated similarity between CBCL_Pre and CFS

1566/6216: calculated similarity between CBCL_Pre and CGAS

1567/6216: calculated similarity between CBCL_Pre and CIS_P

1568/6216: calculated similarity between CBCL_Pre and CIS_SR

1569/6216: calculated similarity between CBCL_Pre and ColorVision

1570/6216: calculated similarity between CBCL_Pre and ConsensusD

1571/6216: calculated similarity between CBCL_Pre and CPIC

1572/6216: calculated similarity between CBCL_Pre and CSSRS

1573/6216: calculated similarity between CBCL_Pre and CTOPP

1574/6216: calculated similarity between CBCL_Pre and DailyMed

1575/6216: calculated similarity between CBCL_Pre and Diagnosis_KSADS

1576/6216: calculated similarity between CBCL_Pre and DigitSpan

1577/6216: calculated similarity between CBCL_Pre and Dishion_Teacher

1578/6216: calculated similarity between CBCL_Pre and DrugScreen

1579/6216: calculated similarity between CBCL_Pre and DTS

1580/6216: calculated similarity between CBCL_Pre and EEG_Track

1581/6216: calculated similarity between CBCL_Pre and EHQ

1582/6216: calculated similarity between CBCL_Pre and ESPAD

1583/6216: calculated similarity between CBCL_Pre and ESWAN

1584/6216: calculated similarity between CBCL_Pre and FGA

1585/6216: calculated similarity between CBCL_Pre and FGC

1586/6216: calculated similarity between CBCL_Pre and Fitness_Aerobic

1587/6216: calculated similarity between CBCL_Pre and Fitness_Endurance

1588/6216: calculated similarity between CBCL_Pre and FSQ

1589/6216: calculated similarity between CBCL_Pre and FTND

1590/6216: calculated similarity between CBCL_Pre and FTQA

1591/6216: calculated similarity between CBCL_Pre and GARS

1592/6216: calculated similarity between CBCL_Pre and GFTA

1593/6216: calculated similarity between CBCL_Pre and GRIT

1594/6216: calculated similarity between CBCL_Pre and GSE

1595/6216: calculated similarity between CBCL_Pre and IAT

1596/6216: calculated similarity between CBCL_Pre and ICU_P

1597/6216: calculated similarity between CBCL_Pre and ICU_SR

1598/6216: calculated similarity between CBCL_Pre and IUQ_SR

1599/6216: calculated similarity between CBCL_Pre and IUQ_P

1600/6216: calculated similarity between CBCL_Pre and KBIT

1601/6216: calculated similarity between CBCL_Pre and MFQ_P

1602/6216: calculated similarity between CBCL_Pre and MFQ_SR

1603/6216: calculated similarity between CBCL_Pre and MRI_Track

1604/6216: calculated similarity between CBCL_Pre and NIH_Full

1605/6216: calculated similarity between CBCL_Pre and NIH_Score

1606/6216: calculated similarity between CBCL_Pre and NLES_P

1607/6216: calculated similarity between CBCL_Pre and NLES_SR

1608/6216: calculated similarity between CBCL_Pre and PANAS

1609/6216: calculated similarity between CBCL_Pre and PAQ_A

1610/6216: calculated similarity between CBCL_Pre and PBQ

1611/6216: calculated similarity between CBCL_Pre and PBS

1612/6216: calculated similarity between CBCL_Pre and PCIAT

1613/6216: calculated similarity between CBCL_Pre and Peds_Migraine

1614/6216: calculated similarity between CBCL_Pre and Pegboard

1615/6216: calculated similarity between CBCL_Pre and PhenX_Neighborhood

1616/6216: calculated similarity between CBCL_Pre and PhenX_Schoo

1617/6216: calculated similarity between CBCL_Pre and Physical

1618/6216: calculated similarity between CBCL_Pre and PMHS

1619/6216: calculated similarity between CBCL_Pre and PPS

1620/6216: calculated similarity between CBCL_Pre and PPVT

1621/6216: calculated similarity between CBCL_Pre and Pregnancy

1622/6216: calculated similarity between CBCL_Pre and PreInt_Demos_Home

1623/6216: calculated similarity between CBCL_Pre and PreInt_DevH

1624/6216: calculated similarity between CBCL_Pre and PreInt_EduH

1625/6216: calculated similarity between CBCL_Pre and PreInt_FamH

1626/6216: calculated similarity between CBCL_Pre and PreInt_FamHx_RDC

1627/6216: calculated similarity between CBCL_Pre and PreInt_Lang

1628/6216: calculated similarity between CBCL_Pre and PreInt_TxH

1629/6216: calculated similarity between CBCL_Pre and PSI

1630/6216: calculated similarity between CBCL_Pre and RBS

1631/6216: calculated similarity between CBCL_Pre and RemoteTask

1632/6216: calculated similarity between CBCL_Pre and SAS

1633/6216: calculated similarity between CBCL_Pre and SCARED_P

1634/6216: calculated similarity between CBCL_Pre and SCARED_SR

1635/6216: calculated similarity between CBCL_Pre and SCQ

1636/6216: calculated similarity between CBCL_Pre and SDQ

1637/6216: calculated similarity between CBCL_Pre and SDS

1638/6216: calculated similarity between CBCL_Pre and SRS

1639/6216: calculated similarity between CBCL_Pre and SRS_Pre

1640/6216: calculated similarity between CBCL_Pre and STAI

1641/6216: calculated similarity between CBCL_Pre and SWAN

1642/6216: calculated similarity between CBCL_Pre and TRF

1643/6216: calculated similarity between CBCL_Pre and TRF_P

1644/6216: calculated similarity between CBCL_Pre and Vineland

1645/6216: calculated similarity between CBCL_Pre and WAIS

1646/6216: calculated similarity between CBCL_Pre and WAIS_abb

1647/6216: calculated similarity between CBCL_Pre and WASI

1648/6216: calculated similarity between CBCL_Pre and WHODAS_P

1649/6216: calculated similarity between CBCL_Pre and WHODAS_SR

1650/6216: calculated similarity between CBCL_Pre and WIAT

1651/6216: calculated similarity between CBCL_Pre and WISC

1652/6216: calculated similarity between CBCL_Pre and YFAS

1653/6216: calculated similarity between CBCL_Pre and YFAS_C

1654/6216: calculated similarity between CBCL_Pre and YSR

1655/6216: calculated similarity between CBCL_Pre and SympChck

1656/6216: calculated similarity between CCSC and CELF

1657/6216: calculated similarity between CCSC and CELF_Full_9to21

1658/6216: calculated similarity between CCSC and CELF_Full_5to8

1659/6216: calculated similarity between CCSC and CELF_Meta

1660/6216: calculated similarity between CCSC and CFS

1661/6216: calculated similarity between CCSC and CGAS

1662/6216: calculated similarity between CCSC and CIS_P

1663/6216: calculated similarity between CCSC and CIS_SR

1664/6216: calculated similarity between CCSC and ColorVision

1665/6216: calculated similarity between CCSC and ConsensusD

1666/6216: calculated similarity between CCSC and CPIC

1667/6216: calculated similarity between CCSC and CSSRS

1668/6216: calculated similarity between CCSC and CTOPP

1669/6216: calculated similarity between CCSC and DailyMed

1670/6216: calculated similarity between CCSC and Diagnosis_KSADS

1671/6216: calculated similarity between CCSC and DigitSpan

1672/6216: calculated similarity between CCSC and Dishion_Teacher

1673/6216: calculated similarity between CCSC and DrugScreen

1674/6216: calculated similarity between CCSC and DTS

1675/6216: calculated similarity between CCSC and EEG_Track

1676/6216: calculated similarity between CCSC and EHQ

1677/6216: calculated similarity between CCSC and ESPAD

1678/6216: calculated similarity between CCSC and ESWAN

1679/6216: calculated similarity between CCSC and FGA

1680/6216: calculated similarity between CCSC and FGC

1681/6216: calculated similarity between CCSC and Fitness_Aerobic

1682/6216: calculated similarity between CCSC and Fitness_Endurance

1683/6216: calculated similarity between CCSC and FSQ

1684/6216: calculated similarity between CCSC and FTND

1685/6216: calculated similarity between CCSC and FTQA

1686/6216: calculated similarity between CCSC and GARS

1687/6216: calculated similarity between CCSC and GFTA

1688/6216: calculated similarity between CCSC and GRIT

1689/6216: calculated similarity between CCSC and GSE

1690/6216: calculated similarity between CCSC and IAT

1691/6216: calculated similarity between CCSC and ICU_P

1692/6216: calculated similarity between CCSC and ICU_SR

1693/6216: calculated similarity between CCSC and IUQ_SR

1694/6216: calculated similarity between CCSC and IUQ_P

1695/6216: calculated similarity between CCSC and KBIT

1696/6216: calculated similarity between CCSC and MFQ_P

1697/6216: calculated similarity between CCSC and MFQ_SR

1698/6216: calculated similarity between CCSC and MRI_Track

1699/6216: calculated similarity between CCSC and NIH_Full

1700/6216: calculated similarity between CCSC and NIH_Score

1701/6216: calculated similarity between CCSC and NLES_P

1702/6216: calculated similarity between CCSC and NLES_SR

1703/6216: calculated similarity between CCSC and PANAS

1704/6216: calculated similarity between CCSC and PAQ_A

1705/6216: calculated similarity between CCSC and PBQ

1706/6216: calculated similarity between CCSC and PBS

1707/6216: calculated similarity between CCSC and PCIAT

1708/6216: calculated similarity between CCSC and Peds_Migraine

1709/6216: calculated similarity between CCSC and Pegboard

1710/6216: calculated similarity between CCSC and PhenX_Neighborhood

1711/6216: calculated similarity between CCSC and PhenX_Schoo

1712/6216: calculated similarity between CCSC and Physical

1713/6216: calculated similarity between CCSC and PMHS

1714/6216: calculated similarity between CCSC and PPS

1715/6216: calculated similarity between CCSC and PPVT

1716/6216: calculated similarity between CCSC and Pregnancy

1717/6216: calculated similarity between CCSC and PreInt_Demos_Home

1718/6216: calculated similarity between CCSC and PreInt_DevH

1719/6216: calculated similarity between CCSC and PreInt_EduH

1720/6216: calculated similarity between CCSC and PreInt_FamH

1721/6216: calculated similarity between CCSC and PreInt_FamHx_RDC

1722/6216: calculated similarity between CCSC and PreInt_Lang

1723/6216: calculated similarity between CCSC and PreInt_TxH

1724/6216: calculated similarity between CCSC and PSI

1725/6216: calculated similarity between CCSC and RBS

1726/6216: calculated similarity between CCSC and RemoteTask

1727/6216: calculated similarity between CCSC and SAS

1728/6216: calculated similarity between CCSC and SCARED_P

1729/6216: calculated similarity between CCSC and SCARED_SR

1730/6216: calculated similarity between CCSC and SCQ

1731/6216: calculated similarity between CCSC and SDQ

1732/6216: calculated similarity between CCSC and SDS

1733/6216: calculated similarity between CCSC and SRS

1734/6216: calculated similarity between CCSC and SRS_Pre

1735/6216: calculated similarity between CCSC and STAI

1736/6216: calculated similarity between CCSC and SWAN

1737/6216: calculated similarity between CCSC and TRF

1738/6216: calculated similarity between CCSC and TRF_P

1739/6216: calculated similarity between CCSC and Vineland

1740/6216: calculated similarity between CCSC and WAIS

1741/6216: calculated similarity between CCSC and WAIS_abb

1742/6216: calculated similarity between CCSC and WASI

1743/6216: calculated similarity between CCSC and WHODAS_P

1744/6216: calculated similarity between CCSC and WHODAS_SR

1745/6216: calculated similarity between CCSC and WIAT

1746/6216: calculated similarity between CCSC and WISC

1747/6216: calculated similarity between CCSC and YFAS

1748/6216: calculated similarity between CCSC and YFAS_C

1749/6216: calculated similarity between CCSC and YSR

1750/6216: calculated similarity between CCSC and SympChck

1751/6216: calculated similarity between CELF and CELF_Full_9to21

1752/6216: calculated similarity between CELF and CELF_Full_5to8

1753/6216: calculated similarity between CELF and CELF_Meta

1754/6216: calculated similarity between CELF and CFS

1755/6216: calculated similarity between CELF and CGAS

1756/6216: calculated similarity between CELF and CIS_P

1757/6216: calculated similarity between CELF and CIS_SR

1758/6216: calculated similarity between CELF and ColorVision

1759/6216: calculated similarity between CELF and ConsensusD

1760/6216: calculated similarity between CELF and CPIC

1761/6216: calculated similarity between CELF and CSSRS

1762/6216: calculated similarity between CELF and CTOPP

1763/6216: calculated similarity between CELF and DailyMed

1764/6216: calculated similarity between CELF and Diagnosis_KSADS

1765/6216: calculated similarity between CELF and DigitSpan

1766/6216: calculated similarity between CELF and Dishion_Teacher

1767/6216: calculated similarity between CELF and DrugScreen

1768/6216: calculated similarity between CELF and DTS

1769/6216: calculated similarity between CELF and EEG_Track

1770/6216: calculated similarity between CELF and EHQ

1771/6216: calculated similarity between CELF and ESPAD

1772/6216: calculated similarity between CELF and ESWAN

1773/6216: calculated similarity between CELF and FGA

1774/6216: calculated similarity between CELF and FGC

1775/6216: calculated similarity between CELF and Fitness_Aerobic

1776/6216: calculated similarity between CELF and Fitness_Endurance

1777/6216: calculated similarity between CELF and FSQ

1778/6216: calculated similarity between CELF and FTND

1779/6216: calculated similarity between CELF and FTQA

1780/6216: calculated similarity between CELF and GARS

1781/6216: calculated similarity between CELF and GFTA

1782/6216: calculated similarity between CELF and GRIT

1783/6216: calculated similarity between CELF and GSE

1784/6216: calculated similarity between CELF and IAT

1785/6216: calculated similarity between CELF and ICU_P

1786/6216: calculated similarity between CELF and ICU_SR

1787/6216: calculated similarity between CELF and IUQ_SR

1788/6216: calculated similarity between CELF and IUQ_P

1789/6216: calculated similarity between CELF and KBIT

1790/6216: calculated similarity between CELF and MFQ_P

1791/6216: calculated similarity between CELF and MFQ_SR

1792/6216: calculated similarity between CELF and MRI_Track

1793/6216: calculated similarity between CELF and NIH_Full

1794/6216: calculated similarity between CELF and NIH_Score

1795/6216: calculated similarity between CELF and NLES_P

1796/6216: calculated similarity between CELF and NLES_SR

1797/6216: calculated similarity between CELF and PANAS

1798/6216: calculated similarity between CELF and PAQ_A

1799/6216: calculated similarity between CELF and PBQ

1800/6216: calculated similarity between CELF and PBS

1801/6216: calculated similarity between CELF and PCIAT

1802/6216: calculated similarity between CELF and Peds_Migraine

1803/6216: calculated similarity between CELF and Pegboard

1804/6216: calculated similarity between CELF and PhenX_Neighborhood

1805/6216: calculated similarity between CELF and PhenX_Schoo

1806/6216: calculated similarity between CELF and Physical

1807/6216: calculated similarity between CELF and PMHS

1808/6216: calculated similarity between CELF and PPS

1809/6216: calculated similarity between CELF and PPVT

1810/6216: calculated similarity between CELF and Pregnancy

1811/6216: calculated similarity between CELF and PreInt_Demos_Home

1812/6216: calculated similarity between CELF and PreInt_DevH

1813/6216: calculated similarity between CELF and PreInt_EduH

1814/6216: calculated similarity between CELF and PreInt_FamH

1815/6216: calculated similarity between CELF and PreInt_FamHx_RDC

1816/6216: calculated similarity between CELF and PreInt_Lang

1817/6216: calculated similarity between CELF and PreInt_TxH

1818/6216: calculated similarity between CELF and PSI

1819/6216: calculated similarity between CELF and RBS

1820/6216: calculated similarity between CELF and RemoteTask

1821/6216: calculated similarity between CELF and SAS

1822/6216: calculated similarity between CELF and SCARED_P

1823/6216: calculated similarity between CELF and SCARED_SR

1824/6216: calculated similarity between CELF and SCQ

1825/6216: calculated similarity between CELF and SDQ

1826/6216: calculated similarity between CELF and SDS

1827/6216: calculated similarity between CELF and SRS

1828/6216: calculated similarity between CELF and SRS_Pre

1829/6216: calculated similarity between CELF and STAI

1830/6216: calculated similarity between CELF and SWAN

1831/6216: calculated similarity between CELF and TRF

1832/6216: calculated similarity between CELF and TRF_P

1833/6216: calculated similarity between CELF and Vineland

1834/6216: calculated similarity between CELF and WAIS

1835/6216: calculated similarity between CELF and WAIS_abb

1836/6216: calculated similarity between CELF and WASI

1837/6216: calculated similarity between CELF and WHODAS_P

1838/6216: calculated similarity between CELF and WHODAS_SR

1839/6216: calculated similarity between CELF and WIAT

1840/6216: calculated similarity between CELF and WISC

1841/6216: calculated similarity between CELF and YFAS

1842/6216: calculated similarity between CELF and YFAS_C

1843/6216: calculated similarity between CELF and YSR

1844/6216: calculated similarity between CELF and SympChck

1845/6216: calculated similarity between CELF_Full_9to21 and CELF_Full_5to8

1846/6216: calculated similarity between CELF_Full_9to21 and CELF_Meta

1847/6216: calculated similarity between CELF_Full_9to21 and CFS

1848/6216: calculated similarity between CELF_Full_9to21 and CGAS

1849/6216: calculated similarity between CELF_Full_9to21 and CIS_P

1850/6216: calculated similarity between CELF_Full_9to21 and CIS_SR

1851/6216: calculated similarity between CELF_Full_9to21 and ColorVision

1852/6216: calculated similarity between CELF_Full_9to21 and ConsensusD

1853/6216: calculated similarity between CELF_Full_9to21 and CPIC

1854/6216: calculated similarity between CELF_Full_9to21 and CSSRS

1855/6216: calculated similarity between CELF_Full_9to21 and CTOPP

1856/6216: calculated similarity between CELF_Full_9to21 and DailyMed

1857/6216: calculated similarity between CELF_Full_9to21 and Diagnosis_KSADS

1858/6216: calculated similarity between CELF_Full_9to21 and DigitSpan

1859/6216: calculated similarity between CELF_Full_9to21 and Dishion_Teacher

1860/6216: calculated similarity between CELF_Full_9to21 and DrugScreen

1861/6216: calculated similarity between CELF_Full_9to21 and DTS

1862/6216: calculated similarity between CELF_Full_9to21 and EEG_Track

1863/6216: calculated similarity between CELF_Full_9to21 and EHQ

1864/6216: calculated similarity between CELF_Full_9to21 and ESPAD

1865/6216: calculated similarity between CELF_Full_9to21 and ESWAN

1866/6216: calculated similarity between CELF_Full_9to21 and FGA

1867/6216: calculated similarity between CELF_Full_9to21 and FGC

1868/6216: calculated similarity between CELF_Full_9to21 and Fitness_Aerobic

1869/6216: calculated similarity between CELF_Full_9to21 and Fitness_Endurance

1870/6216: calculated similarity between CELF_Full_9to21 and FSQ

1871/6216: calculated similarity between CELF_Full_9to21 and FTND

1872/6216: calculated similarity between CELF_Full_9to21 and FTQA

1873/6216: calculated similarity between CELF_Full_9to21 and GARS

1874/6216: calculated similarity between CELF_Full_9to21 and GFTA

1875/6216: calculated similarity between CELF_Full_9to21 and GRIT

1876/6216: calculated similarity between CELF_Full_9to21 and GSE

1877/6216: calculated similarity between CELF_Full_9to21 and IAT

1878/6216: calculated similarity between CELF_Full_9to21 and ICU_P

1879/6216: calculated similarity between CELF_Full_9to21 and ICU_SR

1880/6216: calculated similarity between CELF_Full_9to21 and IUQ_SR

1881/6216: calculated similarity between CELF_Full_9to21 and IUQ_P

1882/6216: calculated similarity between CELF_Full_9to21 and KBIT

1883/6216: calculated similarity between CELF_Full_9to21 and MFQ_P

1884/6216: calculated similarity between CELF_Full_9to21 and MFQ_SR

1885/6216: calculated similarity between CELF_Full_9to21 and MRI_Track

1886/6216: calculated similarity between CELF_Full_9to21 and NIH_Full

1887/6216: calculated similarity between CELF_Full_9to21 and NIH_Score

1888/6216: calculated similarity between CELF_Full_9to21 and NLES_P

1889/6216: calculated similarity between CELF_Full_9to21 and NLES_SR

1890/6216: calculated similarity between CELF_Full_9to21 and PANAS

1891/6216: calculated similarity between CELF_Full_9to21 and PAQ_A

1892/6216: calculated similarity between CELF_Full_9to21 and PBQ

1893/6216: calculated similarity between CELF_Full_9to21 and PBS

1894/6216: calculated similarity between CELF_Full_9to21 and PCIAT

1895/6216: calculated similarity between CELF_Full_9to21 and Peds_Migraine

1896/6216: calculated similarity between CELF_Full_9to21 and Pegboard

1897/6216: calculated similarity between CELF_Full_9to21 and PhenX_Neighborhood

1898/6216: calculated similarity between CELF_Full_9to21 and PhenX_Schoo

1899/6216: calculated similarity between CELF_Full_9to21 and Physical

1900/6216: calculated similarity between CELF_Full_9to21 and PMHS

1901/6216: calculated similarity between CELF_Full_9to21 and PPS

1902/6216: calculated similarity between CELF_Full_9to21 and PPVT

1903/6216: calculated similarity between CELF_Full_9to21 and Pregnancy

1904/6216: calculated similarity between CELF_Full_9to21 and PreInt_Demos_Home

1905/6216: calculated similarity between CELF_Full_9to21 and PreInt_DevH

1906/6216: calculated similarity between CELF_Full_9to21 and PreInt_EduH

1907/6216: calculated similarity between CELF_Full_9to21 and PreInt_FamH

1908/6216: calculated similarity between CELF_Full_9to21 and PreInt_FamHx_RDC

1909/6216: calculated similarity between CELF_Full_9to21 and PreInt_Lang

1910/6216: calculated similarity between CELF_Full_9to21 and PreInt_TxH

1911/6216: calculated similarity between CELF_Full_9to21 and PSI

1912/6216: calculated similarity between CELF_Full_9to21 and RBS

1913/6216: calculated similarity between CELF_Full_9to21 and RemoteTask

1914/6216: calculated similarity between CELF_Full_9to21 and SAS

1915/6216: calculated similarity between CELF_Full_9to21 and SCARED_P

1916/6216: calculated similarity between CELF_Full_9to21 and SCARED_SR

1917/6216: calculated similarity between CELF_Full_9to21 and SCQ

1918/6216: calculated similarity between CELF_Full_9to21 and SDQ

1919/6216: calculated similarity between CELF_Full_9to21 and SDS

1920/6216: calculated similarity between CELF_Full_9to21 and SRS

1921/6216: calculated similarity between CELF_Full_9to21 and SRS_Pre

1922/6216: calculated similarity between CELF_Full_9to21 and STAI

1923/6216: calculated similarity between CELF_Full_9to21 and SWAN

1924/6216: calculated similarity between CELF_Full_9to21 and TRF

1925/6216: calculated similarity between CELF_Full_9to21 and TRF_P

1926/6216: calculated similarity between CELF_Full_9to21 and Vineland

1927/6216: calculated similarity between CELF_Full_9to21 and WAIS

1928/6216: calculated similarity between CELF_Full_9to21 and WAIS_abb

1929/6216: calculated similarity between CELF_Full_9to21 and WASI

1930/6216: calculated similarity between CELF_Full_9to21 and WHODAS_P

1931/6216: calculated similarity between CELF_Full_9to21 and WHODAS_SR

1932/6216: calculated similarity between CELF_Full_9to21 and WIAT

1933/6216: calculated similarity between CELF_Full_9to21 and WISC

1934/6216: calculated similarity between CELF_Full_9to21 and YFAS

1935/6216: calculated similarity between CELF_Full_9to21 and YFAS_C

1936/6216: calculated similarity between CELF_Full_9to21 and YSR

1937/6216: calculated similarity between CELF_Full_9to21 and SympChck

1938/6216: calculated similarity between CELF_Full_5to8 and CELF_Meta

1939/6216: calculated similarity between CELF_Full_5to8 and CFS

1940/6216: calculated similarity between CELF_Full_5to8 and CGAS

1941/6216: calculated similarity between CELF_Full_5to8 and CIS_P

1942/6216: calculated similarity between CELF_Full_5to8 and CIS_SR

1943/6216: calculated similarity between CELF_Full_5to8 and ColorVision

1944/6216: calculated similarity between CELF_Full_5to8 and ConsensusD

1945/6216: calculated similarity between CELF_Full_5to8 and CPIC

1946/6216: calculated similarity between CELF_Full_5to8 and CSSRS

1947/6216: calculated similarity between CELF_Full_5to8 and CTOPP

1948/6216: calculated similarity between CELF_Full_5to8 and DailyMed

1949/6216: calculated similarity between CELF_Full_5to8 and Diagnosis_KSADS

1950/6216: calculated similarity between CELF_Full_5to8 and DigitSpan

1951/6216: calculated similarity between CELF_Full_5to8 and Dishion_Teacher

1952/6216: calculated similarity between CELF_Full_5to8 and DrugScreen

1953/6216: calculated similarity between CELF_Full_5to8 and DTS

1954/6216: calculated similarity between CELF_Full_5to8 and EEG_Track

1955/6216: calculated similarity between CELF_Full_5to8 and EHQ

1956/6216: calculated similarity between CELF_Full_5to8 and ESPAD

1957/6216: calculated similarity between CELF_Full_5to8 and ESWAN

1958/6216: calculated similarity between CELF_Full_5to8 and FGA

1959/6216: calculated similarity between CELF_Full_5to8 and FGC

1960/6216: calculated similarity between CELF_Full_5to8 and Fitness_Aerobic

1961/6216: calculated similarity between CELF_Full_5to8 and Fitness_Endurance

1962/6216: calculated similarity between CELF_Full_5to8 and FSQ

1963/6216: calculated similarity between CELF_Full_5to8 and FTND

1964/6216: calculated similarity between CELF_Full_5to8 and FTQA

1965/6216: calculated similarity between CELF_Full_5to8 and GARS

1966/6216: calculated similarity between CELF_Full_5to8 and GFTA

1967/6216: calculated similarity between CELF_Full_5to8 and GRIT

1968/6216: calculated similarity between CELF_Full_5to8 and GSE

1969/6216: calculated similarity between CELF_Full_5to8 and IAT

1970/6216: calculated similarity between CELF_Full_5to8 and ICU_P

1971/6216: calculated similarity between CELF_Full_5to8 and ICU_SR

1972/6216: calculated similarity between CELF_Full_5to8 and IUQ_SR

1973/6216: calculated similarity between CELF_Full_5to8 and IUQ_P

1974/6216: calculated similarity between CELF_Full_5to8 and KBIT

1975/6216: calculated similarity between CELF_Full_5to8 and MFQ_P

1976/6216: calculated similarity between CELF_Full_5to8 and MFQ_SR

1977/6216: calculated similarity between CELF_Full_5to8 and MRI_Track

1978/6216: calculated similarity between CELF_Full_5to8 and NIH_Full

1979/6216: calculated similarity between CELF_Full_5to8 and NIH_Score

1980/6216: calculated similarity between CELF_Full_5to8 and NLES_P

1981/6216: calculated similarity between CELF_Full_5to8 and NLES_SR

1982/6216: calculated similarity between CELF_Full_5to8 and PANAS

1983/6216: calculated similarity between CELF_Full_5to8 and PAQ_A

1984/6216: calculated similarity between CELF_Full_5to8 and PBQ

1985/6216: calculated similarity between CELF_Full_5to8 and PBS

1986/6216: calculated similarity between CELF_Full_5to8 and PCIAT

1987/6216: calculated similarity between CELF_Full_5to8 and Peds_Migraine

1988/6216: calculated similarity between CELF_Full_5to8 and Pegboard

1989/6216: calculated similarity between CELF_Full_5to8 and PhenX_Neighborhood

1990/6216: calculated similarity between CELF_Full_5to8 and PhenX_Schoo

1991/6216: calculated similarity between CELF_Full_5to8 and Physical

1992/6216: calculated similarity between CELF_Full_5to8 and PMHS

1993/6216: calculated similarity between CELF_Full_5to8 and PPS

1994/6216: calculated similarity between CELF_Full_5to8 and PPVT

1995/6216: calculated similarity between CELF_Full_5to8 and Pregnancy

1996/6216: calculated similarity between CELF_Full_5to8 and PreInt_Demos_Home

1997/6216: calculated similarity between CELF_Full_5to8 and PreInt_DevH

1998/6216: calculated similarity between CELF_Full_5to8 and PreInt_EduH

1999/6216: calculated similarity between CELF_Full_5to8 and PreInt_FamH

2000/6216: calculated similarity between CELF_Full_5to8 and PreInt_FamHx_RDC

2001/6216: calculated similarity between CELF_Full_5to8 and PreInt_Lang

2002/6216: calculated similarity between CELF_Full_5to8 and PreInt_TxH

2003/6216: calculated similarity between CELF_Full_5to8 and PSI

2004/6216: calculated similarity between CELF_Full_5to8 and RBS

2005/6216: calculated similarity between CELF_Full_5to8 and RemoteTask

2006/6216: calculated similarity between CELF_Full_5to8 and SAS

2007/6216: calculated similarity between CELF_Full_5to8 and SCARED_P

2008/6216: calculated similarity between CELF_Full_5to8 and SCARED_SR

2009/6216: calculated similarity between CELF_Full_5to8 and SCQ

2010/6216: calculated similarity between CELF_Full_5to8 and SDQ

2011/6216: calculated similarity between CELF_Full_5to8 and SDS

2012/6216: calculated similarity between CELF_Full_5to8 and SRS

2013/6216: calculated similarity between CELF_Full_5to8 and SRS_Pre

2014/6216: calculated similarity between CELF_Full_5to8 and STAI

2015/6216: calculated similarity between CELF_Full_5to8 and SWAN

2016/6216: calculated similarity between CELF_Full_5to8 and TRF

2017/6216: calculated similarity between CELF_Full_5to8 and TRF_P

2018/6216: calculated similarity between CELF_Full_5to8 and Vineland

2019/6216: calculated similarity between CELF_Full_5to8 and WAIS

2020/6216: calculated similarity between CELF_Full_5to8 and WAIS_abb

2021/6216: calculated similarity between CELF_Full_5to8 and WASI

2022/6216: calculated similarity between CELF_Full_5to8 and WHODAS_P

2023/6216: calculated similarity between CELF_Full_5to8 and WHODAS_SR

2024/6216: calculated similarity between CELF_Full_5to8 and WIAT

2025/6216: calculated similarity between CELF_Full_5to8 and WISC

2026/6216: calculated similarity between CELF_Full_5to8 and YFAS

2027/6216: calculated similarity between CELF_Full_5to8 and YFAS_C

2028/6216: calculated similarity between CELF_Full_5to8 and YSR

2029/6216: calculated similarity between CELF_Full_5to8 and SympChck

2030/6216: calculated similarity between CELF_Meta and CFS

2031/6216: calculated similarity between CELF_Meta and CGAS

2032/6216: calculated similarity between CELF_Meta and CIS_P

2033/6216: calculated similarity between CELF_Meta and CIS_SR

2034/6216: calculated similarity between CELF_Meta and ColorVision

2035/6216: calculated similarity between CELF_Meta and ConsensusD

2036/6216: calculated similarity between CELF_Meta and CPIC

2037/6216: calculated similarity between CELF_Meta and CSSRS

2038/6216: calculated similarity between CELF_Meta and CTOPP

2039/6216: calculated similarity between CELF_Meta and DailyMed

2040/6216: calculated similarity between CELF_Meta and Diagnosis_KSADS

2041/6216: calculated similarity between CELF_Meta and DigitSpan

2042/6216: calculated similarity between CELF_Meta and Dishion_Teacher

2043/6216: calculated similarity between CELF_Meta and DrugScreen

2044/6216: calculated similarity between CELF_Meta and DTS

2045/6216: calculated similarity between CELF_Meta and EEG_Track

2046/6216: calculated similarity between CELF_Meta and EHQ

2047/6216: calculated similarity between CELF_Meta and ESPAD

2048/6216: calculated similarity between CELF_Meta and ESWAN

2049/6216: calculated similarity between CELF_Meta and FGA

2050/6216: calculated similarity between CELF_Meta and FGC

2051/6216: calculated similarity between CELF_Meta and Fitness_Aerobic

2052/6216: calculated similarity between CELF_Meta and Fitness_Endurance

2053/6216: calculated similarity between CELF_Meta and FSQ

2054/6216: calculated similarity between CELF_Meta and FTND

2055/6216: calculated similarity between CELF_Meta and FTQA

2056/6216: calculated similarity between CELF_Meta and GARS

2057/6216: calculated similarity between CELF_Meta and GFTA

2058/6216: calculated similarity between CELF_Meta and GRIT

2059/6216: calculated similarity between CELF_Meta and GSE

2060/6216: calculated similarity between CELF_Meta and IAT

2061/6216: calculated similarity between CELF_Meta and ICU_P

2062/6216: calculated similarity between CELF_Meta and ICU_SR

2063/6216: calculated similarity between CELF_Meta and IUQ_SR

2064/6216: calculated similarity between CELF_Meta and IUQ_P

2065/6216: calculated similarity between CELF_Meta and KBIT

2066/6216: calculated similarity between CELF_Meta and MFQ_P

2067/6216: calculated similarity between CELF_Meta and MFQ_SR

2068/6216: calculated similarity between CELF_Meta and MRI_Track

2069/6216: calculated similarity between CELF_Meta and NIH_Full

2070/6216: calculated similarity between CELF_Meta and NIH_Score

2071/6216: calculated similarity between CELF_Meta and NLES_P

2072/6216: calculated similarity between CELF_Meta and NLES_SR

2073/6216: calculated similarity between CELF_Meta and PANAS

2074/6216: calculated similarity between CELF_Meta and PAQ_A

2075/6216: calculated similarity between CELF_Meta and PBQ

2076/6216: calculated similarity between CELF_Meta and PBS

2077/6216: calculated similarity between CELF_Meta and PCIAT

2078/6216: calculated similarity between CELF_Meta and Peds_Migraine

2079/6216: calculated similarity between CELF_Meta and Pegboard

2080/6216: calculated similarity between CELF_Meta and PhenX_Neighborhood

2081/6216: calculated similarity between CELF_Meta and PhenX_Schoo

2082/6216: calculated similarity between CELF_Meta and Physical

2083/6216: calculated similarity between CELF_Meta and PMHS

2084/6216: calculated similarity between CELF_Meta and PPS

2085/6216: calculated similarity between CELF_Meta and PPVT

2086/6216: calculated similarity between CELF_Meta and Pregnancy

2087/6216: calculated similarity between CELF_Meta and PreInt_Demos_Home

2088/6216: calculated similarity between CELF_Meta and PreInt_DevH

2089/6216: calculated similarity between CELF_Meta and PreInt_EduH

2090/6216: calculated similarity between CELF_Meta and PreInt_FamH

2091/6216: calculated similarity between CELF_Meta and PreInt_FamHx_RDC

2092/6216: calculated similarity between CELF_Meta and PreInt_Lang

2093/6216: calculated similarity between CELF_Meta and PreInt_TxH

2094/6216: calculated similarity between CELF_Meta and PSI

2095/6216: calculated similarity between CELF_Meta and RBS

2096/6216: calculated similarity between CELF_Meta and RemoteTask

2097/6216: calculated similarity between CELF_Meta and SAS

2098/6216: calculated similarity between CELF_Meta and SCARED_P

2099/6216: calculated similarity between CELF_Meta and SCARED_SR

2100/6216: calculated similarity between CELF_Meta and SCQ

2101/6216: calculated similarity between CELF_Meta and SDQ

2102/6216: calculated similarity between CELF_Meta and SDS

2103/6216: calculated similarity between CELF_Meta and SRS

2104/6216: calculated similarity between CELF_Meta and SRS_Pre

2105/6216: calculated similarity between CELF_Meta and STAI

2106/6216: calculated similarity between CELF_Meta and SWAN

2107/6216: calculated similarity between CELF_Meta and TRF

2108/6216: calculated similarity between CELF_Meta and TRF_P

2109/6216: calculated similarity between CELF_Meta and Vineland

2110/6216: calculated similarity between CELF_Meta and WAIS

2111/6216: calculated similarity between CELF_Meta and WAIS_abb

2112/6216: calculated similarity between CELF_Meta and WASI

2113/6216: calculated similarity between CELF_Meta and WHODAS_P

2114/6216: calculated similarity between CELF_Meta and WHODAS_SR

2115/6216: calculated similarity between CELF_Meta and WIAT

2116/6216: calculated similarity between CELF_Meta and WISC

2117/6216: calculated similarity between CELF_Meta and YFAS

2118/6216: calculated similarity between CELF_Meta and YFAS_C

2119/6216: calculated similarity between CELF_Meta and YSR

2120/6216: calculated similarity between CELF_Meta and SympChck

2121/6216: calculated similarity between CFS and CGAS

2122/6216: calculated similarity between CFS and CIS_P

2123/6216: calculated similarity between CFS and CIS_SR

2124/6216: calculated similarity between CFS and ColorVision

2125/6216: calculated similarity between CFS and ConsensusD

2126/6216: calculated similarity between CFS and CPIC

2127/6216: calculated similarity between CFS and CSSRS

2128/6216: calculated similarity between CFS and CTOPP

2129/6216: calculated similarity between CFS and DailyMed

2130/6216: calculated similarity between CFS and Diagnosis_KSADS

2131/6216: calculated similarity between CFS and DigitSpan

2132/6216: calculated similarity between CFS and Dishion_Teacher

2133/6216: calculated similarity between CFS and DrugScreen

2134/6216: calculated similarity between CFS and DTS

2135/6216: calculated similarity between CFS and EEG_Track

2136/6216: calculated similarity between CFS and EHQ

2137/6216: calculated similarity between CFS and ESPAD

2138/6216: calculated similarity between CFS and ESWAN

2139/6216: calculated similarity between CFS and FGA

2140/6216: calculated similarity between CFS and FGC

2141/6216: calculated similarity between CFS and Fitness_Aerobic

2142/6216: calculated similarity between CFS and Fitness_Endurance

2143/6216: calculated similarity between CFS and FSQ

2144/6216: calculated similarity between CFS and FTND

2145/6216: calculated similarity between CFS and FTQA

2146/6216: calculated similarity between CFS and GARS

2147/6216: calculated similarity between CFS and GFTA

2148/6216: calculated similarity between CFS and GRIT

2149/6216: calculated similarity between CFS and GSE

2150/6216: calculated similarity between CFS and IAT

2151/6216: calculated similarity between CFS and ICU_P

2152/6216: calculated similarity between CFS and ICU_SR

2153/6216: calculated similarity between CFS and IUQ_SR

2154/6216: calculated similarity between CFS and IUQ_P

2155/6216: calculated similarity between CFS and KBIT

2156/6216: calculated similarity between CFS and MFQ_P

2157/6216: calculated similarity between CFS and MFQ_SR

2158/6216: calculated similarity between CFS and MRI_Track

2159/6216: calculated similarity between CFS and NIH_Full

2160/6216: calculated similarity between CFS and NIH_Score

2161/6216: calculated similarity between CFS and NLES_P

2162/6216: calculated similarity between CFS and NLES_SR

2163/6216: calculated similarity between CFS and PANAS

2164/6216: calculated similarity between CFS and PAQ_A

2165/6216: calculated similarity between CFS and PBQ

2166/6216: calculated similarity between CFS and PBS

2167/6216: calculated similarity between CFS and PCIAT

2168/6216: calculated similarity between CFS and Peds_Migraine

2169/6216: calculated similarity between CFS and Pegboard

2170/6216: calculated similarity between CFS and PhenX_Neighborhood

2171/6216: calculated similarity between CFS and PhenX_Schoo

2172/6216: calculated similarity between CFS and Physical

2173/6216: calculated similarity between CFS and PMHS

2174/6216: calculated similarity between CFS and PPS

2175/6216: calculated similarity between CFS and PPVT

2176/6216: calculated similarity between CFS and Pregnancy

2177/6216: calculated similarity between CFS and PreInt_Demos_Home

2178/6216: calculated similarity between CFS and PreInt_DevH

2179/6216: calculated similarity between CFS and PreInt_EduH

2180/6216: calculated similarity between CFS and PreInt_FamH

2181/6216: calculated similarity between CFS and PreInt_FamHx_RDC

2182/6216: calculated similarity between CFS and PreInt_Lang

2183/6216: calculated similarity between CFS and PreInt_TxH

2184/6216: calculated similarity between CFS and PSI

2185/6216: calculated similarity between CFS and RBS

2186/6216: calculated similarity between CFS and RemoteTask

2187/6216: calculated similarity between CFS and SAS

2188/6216: calculated similarity between CFS and SCARED_P

2189/6216: calculated similarity between CFS and SCARED_SR

2190/6216: calculated similarity between CFS and SCQ

2191/6216: calculated similarity between CFS and SDQ

2192/6216: calculated similarity between CFS and SDS

2193/6216: calculated similarity between CFS and SRS

2194/6216: calculated similarity between CFS and SRS_Pre

2195/6216: calculated similarity between CFS and STAI

2196/6216: calculated similarity between CFS and SWAN

2197/6216: calculated similarity between CFS and TRF

2198/6216: calculated similarity between CFS and TRF_P

2199/6216: calculated similarity between CFS and Vineland

2200/6216: calculated similarity between CFS and WAIS

2201/6216: calculated similarity between CFS and WAIS_abb

2202/6216: calculated similarity between CFS and WASI

2203/6216: calculated similarity between CFS and WHODAS_P

2204/6216: calculated similarity between CFS and WHODAS_SR

2205/6216: calculated similarity between CFS and WIAT

2206/6216: calculated similarity between CFS and WISC

2207/6216: calculated similarity between CFS and YFAS

2208/6216: calculated similarity between CFS and YFAS_C

2209/6216: calculated similarity between CFS and YSR

2210/6216: calculated similarity between CFS and SympChck

2211/6216: calculated similarity between CGAS and CIS_P

2212/6216: calculated similarity between CGAS and CIS_SR

2213/6216: calculated similarity between CGAS and ColorVision

2214/6216: calculated similarity between CGAS and ConsensusD

2215/6216: calculated similarity between CGAS and CPIC

2216/6216: calculated similarity between CGAS and CSSRS

2217/6216: calculated similarity between CGAS and CTOPP

2218/6216: calculated similarity between CGAS and DailyMed

2219/6216: calculated similarity between CGAS and Diagnosis_KSADS

2220/6216: calculated similarity between CGAS and DigitSpan

2221/6216: calculated similarity between CGAS and Dishion_Teacher

2222/6216: calculated similarity between CGAS and DrugScreen

2223/6216: calculated similarity between CGAS and DTS

2224/6216: calculated similarity between CGAS and EEG_Track

2225/6216: calculated similarity between CGAS and EHQ

2226/6216: calculated similarity between CGAS and ESPAD

2227/6216: calculated similarity between CGAS and ESWAN

2228/6216: calculated similarity between CGAS and FGA

2229/6216: calculated similarity between CGAS and FGC

2230/6216: calculated similarity between CGAS and Fitness_Aerobic

2231/6216: calculated similarity between CGAS and Fitness_Endurance

2232/6216: calculated similarity between CGAS and FSQ

2233/6216: calculated similarity between CGAS and FTND

2234/6216: calculated similarity between CGAS and FTQA

2235/6216: calculated similarity between CGAS and GARS

2236/6216: calculated similarity between CGAS and GFTA

2237/6216: calculated similarity between CGAS and GRIT

2238/6216: calculated similarity between CGAS and GSE

2239/6216: calculated similarity between CGAS and IAT

2240/6216: calculated similarity between CGAS and ICU_P

2241/6216: calculated similarity between CGAS and ICU_SR

2242/6216: calculated similarity between CGAS and IUQ_SR

2243/6216: calculated similarity between CGAS and IUQ_P

2244/6216: calculated similarity between CGAS and KBIT

2245/6216: calculated similarity between CGAS and MFQ_P

2246/6216: calculated similarity between CGAS and MFQ_SR

2247/6216: calculated similarity between CGAS and MRI_Track

2248/6216: calculated similarity between CGAS and NIH_Full

2249/6216: calculated similarity between CGAS and NIH_Score

2250/6216: calculated similarity between CGAS and NLES_P

2251/6216: calculated similarity between CGAS and NLES_SR

2252/6216: calculated similarity between CGAS and PANAS

2253/6216: calculated similarity between CGAS and PAQ_A

2254/6216: calculated similarity between CGAS and PBQ

2255/6216: calculated similarity between CGAS and PBS

2256/6216: calculated similarity between CGAS and PCIAT

2257/6216: calculated similarity between CGAS and Peds_Migraine

2258/6216: calculated similarity between CGAS and Pegboard

2259/6216: calculated similarity between CGAS and PhenX_Neighborhood

2260/6216: calculated similarity between CGAS and PhenX_Schoo

2261/6216: calculated similarity between CGAS and Physical

2262/6216: calculated similarity between CGAS and PMHS

2263/6216: calculated similarity between CGAS and PPS

2264/6216: calculated similarity between CGAS and PPVT

2265/6216: calculated similarity between CGAS and Pregnancy

2266/6216: calculated similarity between CGAS and PreInt_Demos_Home

2267/6216: calculated similarity between CGAS and PreInt_DevH

2268/6216: calculated similarity between CGAS and PreInt_EduH

2269/6216: calculated similarity between CGAS and PreInt_FamH

2270/6216: calculated similarity between CGAS and PreInt_FamHx_RDC

2271/6216: calculated similarity between CGAS and PreInt_Lang

2272/6216: calculated similarity between CGAS and PreInt_TxH

2273/6216: calculated similarity between CGAS and PSI

2274/6216: calculated similarity between CGAS and RBS

2275/6216: calculated similarity between CGAS and RemoteTask

2276/6216: calculated similarity between CGAS and SAS

2277/6216: calculated similarity between CGAS and SCARED_P

2278/6216: calculated similarity between CGAS and SCARED_SR

2279/6216: calculated similarity between CGAS and SCQ

2280/6216: calculated similarity between CGAS and SDQ

2281/6216: calculated similarity between CGAS and SDS

2282/6216: calculated similarity between CGAS and SRS

2283/6216: calculated similarity between CGAS and SRS_Pre

2284/6216: calculated similarity between CGAS and STAI

2285/6216: calculated similarity between CGAS and SWAN

2286/6216: calculated similarity between CGAS and TRF

2287/6216: calculated similarity between CGAS and TRF_P

2288/6216: calculated similarity between CGAS and Vineland

2289/6216: calculated similarity between CGAS and WAIS

2290/6216: calculated similarity between CGAS and WAIS_abb

2291/6216: calculated similarity between CGAS and WASI

2292/6216: calculated similarity between CGAS and WHODAS_P

2293/6216: calculated similarity between CGAS and WHODAS_SR

2294/6216: calculated similarity between CGAS and WIAT

2295/6216: calculated similarity between CGAS and WISC

2296/6216: calculated similarity between CGAS and YFAS

2297/6216: calculated similarity between CGAS and YFAS_C

2298/6216: calculated similarity between CGAS and YSR

2299/6216: calculated similarity between CGAS and SympChck

2300/6216: calculated similarity between CIS_P and CIS_SR

2301/6216: calculated similarity between CIS_P and ColorVision

2302/6216: calculated similarity between CIS_P and ConsensusD

2303/6216: calculated similarity between CIS_P and CPIC

2304/6216: calculated similarity between CIS_P and CSSRS

2305/6216: calculated similarity between CIS_P and CTOPP

2306/6216: calculated similarity between CIS_P and DailyMed

2307/6216: calculated similarity between CIS_P and Diagnosis_KSADS

2308/6216: calculated similarity between CIS_P and DigitSpan

2309/6216: calculated similarity between CIS_P and Dishion_Teacher

2310/6216: calculated similarity between CIS_P and DrugScreen

2311/6216: calculated similarity between CIS_P and DTS

2312/6216: calculated similarity between CIS_P and EEG_Track

2313/6216: calculated similarity between CIS_P and EHQ

2314/6216: calculated similarity between CIS_P and ESPAD

2315/6216: calculated similarity between CIS_P and ESWAN

2316/6216: calculated similarity between CIS_P and FGA

2317/6216: calculated similarity between CIS_P and FGC

2318/6216: calculated similarity between CIS_P and Fitness_Aerobic

2319/6216: calculated similarity between CIS_P and Fitness_Endurance

2320/6216: calculated similarity between CIS_P and FSQ

2321/6216: calculated similarity between CIS_P and FTND

2322/6216: calculated similarity between CIS_P and FTQA

2323/6216: calculated similarity between CIS_P and GARS

2324/6216: calculated similarity between CIS_P and GFTA

2325/6216: calculated similarity between CIS_P and GRIT

2326/6216: calculated similarity between CIS_P and GSE

2327/6216: calculated similarity between CIS_P and IAT

2328/6216: calculated similarity between CIS_P and ICU_P

2329/6216: calculated similarity between CIS_P and ICU_SR

2330/6216: calculated similarity between CIS_P and IUQ_SR

2331/6216: calculated similarity between CIS_P and IUQ_P

2332/6216: calculated similarity between CIS_P and KBIT

2333/6216: calculated similarity between CIS_P and MFQ_P

2334/6216: calculated similarity between CIS_P and MFQ_SR

2335/6216: calculated similarity between CIS_P and MRI_Track

2336/6216: calculated similarity between CIS_P and NIH_Full

2337/6216: calculated similarity between CIS_P and NIH_Score

2338/6216: calculated similarity between CIS_P and NLES_P

2339/6216: calculated similarity between CIS_P and NLES_SR

2340/6216: calculated similarity between CIS_P and PANAS

2341/6216: calculated similarity between CIS_P and PAQ_A

2342/6216: calculated similarity between CIS_P and PBQ

2343/6216: calculated similarity between CIS_P and PBS

2344/6216: calculated similarity between CIS_P and PCIAT

2345/6216: calculated similarity between CIS_P and Peds_Migraine

2346/6216: calculated similarity between CIS_P and Pegboard

2347/6216: calculated similarity between CIS_P and PhenX_Neighborhood

2348/6216: calculated similarity between CIS_P and PhenX_Schoo

2349/6216: calculated similarity between CIS_P and Physical

2350/6216: calculated similarity between CIS_P and PMHS

2351/6216: calculated similarity between CIS_P and PPS

2352/6216: calculated similarity between CIS_P and PPVT

2353/6216: calculated similarity between CIS_P and Pregnancy

2354/6216: calculated similarity between CIS_P and PreInt_Demos_Home

2355/6216: calculated similarity between CIS_P and PreInt_DevH

2356/6216: calculated similarity between CIS_P and PreInt_EduH

2357/6216: calculated similarity between CIS_P and PreInt_FamH

2358/6216: calculated similarity between CIS_P and PreInt_FamHx_RDC

2359/6216: calculated similarity between CIS_P and PreInt_Lang

2360/6216: calculated similarity between CIS_P and PreInt_TxH

2361/6216: calculated similarity between CIS_P and PSI

2362/6216: calculated similarity between CIS_P and RBS

2363/6216: calculated similarity between CIS_P and RemoteTask

2364/6216: calculated similarity between CIS_P and SAS

2365/6216: calculated similarity between CIS_P and SCARED_P

2366/6216: calculated similarity between CIS_P and SCARED_SR

2367/6216: calculated similarity between CIS_P and SCQ

2368/6216: calculated similarity between CIS_P and SDQ

2369/6216: calculated similarity between CIS_P and SDS

2370/6216: calculated similarity between CIS_P and SRS

2371/6216: calculated similarity between CIS_P and SRS_Pre

2372/6216: calculated similarity between CIS_P and STAI

2373/6216: calculated similarity between CIS_P and SWAN

2374/6216: calculated similarity between CIS_P and TRF

2375/6216: calculated similarity between CIS_P and TRF_P

2376/6216: calculated similarity between CIS_P and Vineland

2377/6216: calculated similarity between CIS_P and WAIS

2378/6216: calculated similarity between CIS_P and WAIS_abb

2379/6216: calculated similarity between CIS_P and WASI

2380/6216: calculated similarity between CIS_P and WHODAS_P

2381/6216: calculated similarity between CIS_P and WHODAS_SR

2382/6216: calculated similarity between CIS_P and WIAT

2383/6216: calculated similarity between CIS_P and WISC

2384/6216: calculated similarity between CIS_P and YFAS

2385/6216: calculated similarity between CIS_P and YFAS_C

2386/6216: calculated similarity between CIS_P and YSR

2387/6216: calculated similarity between CIS_P and SympChck

2388/6216: calculated similarity between CIS_SR and ColorVision

2389/6216: calculated similarity between CIS_SR and ConsensusD

2390/6216: calculated similarity between CIS_SR and CPIC

2391/6216: calculated similarity between CIS_SR and CSSRS

2392/6216: calculated similarity between CIS_SR and CTOPP

2393/6216: calculated similarity between CIS_SR and DailyMed

2394/6216: calculated similarity between CIS_SR and Diagnosis_KSADS

2395/6216: calculated similarity between CIS_SR and DigitSpan

2396/6216: calculated similarity between CIS_SR and Dishion_Teacher

2397/6216: calculated similarity between CIS_SR and DrugScreen

2398/6216: calculated similarity between CIS_SR and DTS

2399/6216: calculated similarity between CIS_SR and EEG_Track

2400/6216: calculated similarity between CIS_SR and EHQ

2401/6216: calculated similarity between CIS_SR and ESPAD

2402/6216: calculated similarity between CIS_SR and ESWAN

2403/6216: calculated similarity between CIS_SR and FGA

2404/6216: calculated similarity between CIS_SR and FGC

2405/6216: calculated similarity between CIS_SR and Fitness_Aerobic

2406/6216: calculated similarity between CIS_SR and Fitness_Endurance

2407/6216: calculated similarity between CIS_SR and FSQ

2408/6216: calculated similarity between CIS_SR and FTND

2409/6216: calculated similarity between CIS_SR and FTQA

2410/6216: calculated similarity between CIS_SR and GARS

2411/6216: calculated similarity between CIS_SR and GFTA

2412/6216: calculated similarity between CIS_SR and GRIT

2413/6216: calculated similarity between CIS_SR and GSE

2414/6216: calculated similarity between CIS_SR and IAT

2415/6216: calculated similarity between CIS_SR and ICU_P

2416/6216: calculated similarity between CIS_SR and ICU_SR

2417/6216: calculated similarity between CIS_SR and IUQ_SR

2418/6216: calculated similarity between CIS_SR and IUQ_P

2419/6216: calculated similarity between CIS_SR and KBIT

2420/6216: calculated similarity between CIS_SR and MFQ_P

2421/6216: calculated similarity between CIS_SR and MFQ_SR

2422/6216: calculated similarity between CIS_SR and MRI_Track

2423/6216: calculated similarity between CIS_SR and NIH_Full

2424/6216: calculated similarity between CIS_SR and NIH_Score

2425/6216: calculated similarity between CIS_SR and NLES_P

2426/6216: calculated similarity between CIS_SR and NLES_SR

2427/6216: calculated similarity between CIS_SR and PANAS

2428/6216: calculated similarity between CIS_SR and PAQ_A

2429/6216: calculated similarity between CIS_SR and PBQ

2430/6216: calculated similarity between CIS_SR and PBS

2431/6216: calculated similarity between CIS_SR and PCIAT

2432/6216: calculated similarity between CIS_SR and Peds_Migraine

2433/6216: calculated similarity between CIS_SR and Pegboard

2434/6216: calculated similarity between CIS_SR and PhenX_Neighborhood

2435/6216: calculated similarity between CIS_SR and PhenX_Schoo

2436/6216: calculated similarity between CIS_SR and Physical

2437/6216: calculated similarity between CIS_SR and PMHS

2438/6216: calculated similarity between CIS_SR and PPS

2439/6216: calculated similarity between CIS_SR and PPVT

2440/6216: calculated similarity between CIS_SR and Pregnancy

2441/6216: calculated similarity between CIS_SR and PreInt_Demos_Home

2442/6216: calculated similarity between CIS_SR and PreInt_DevH

2443/6216: calculated similarity between CIS_SR and PreInt_EduH

2444/6216: calculated similarity between CIS_SR and PreInt_FamH

2445/6216: calculated similarity between CIS_SR and PreInt_FamHx_RDC

2446/6216: calculated similarity between CIS_SR and PreInt_Lang

2447/6216: calculated similarity between CIS_SR and PreInt_TxH

2448/6216: calculated similarity between CIS_SR and PSI

2449/6216: calculated similarity between CIS_SR and RBS

2450/6216: calculated similarity between CIS_SR and RemoteTask

2451/6216: calculated similarity between CIS_SR and SAS

2452/6216: calculated similarity between CIS_SR and SCARED_P

2453/6216: calculated similarity between CIS_SR and SCARED_SR

2454/6216: calculated similarity between CIS_SR and SCQ

2455/6216: calculated similarity between CIS_SR and SDQ

2456/6216: calculated similarity between CIS_SR and SDS

2457/6216: calculated similarity between CIS_SR and SRS

2458/6216: calculated similarity between CIS_SR and SRS_Pre

2459/6216: calculated similarity between CIS_SR and STAI

2460/6216: calculated similarity between CIS_SR and SWAN

2461/6216: calculated similarity between CIS_SR and TRF

2462/6216: calculated similarity between CIS_SR and TRF_P

2463/6216: calculated similarity between CIS_SR and Vineland

2464/6216: calculated similarity between CIS_SR and WAIS

2465/6216: calculated similarity between CIS_SR and WAIS_abb

2466/6216: calculated similarity between CIS_SR and WASI

2467/6216: calculated similarity between CIS_SR and WHODAS_P

2468/6216: calculated similarity between CIS_SR and WHODAS_SR

2469/6216: calculated similarity between CIS_SR and WIAT

2470/6216: calculated similarity between CIS_SR and WISC

2471/6216: calculated similarity between CIS_SR and YFAS

2472/6216: calculated similarity between CIS_SR and YFAS_C

2473/6216: calculated similarity between CIS_SR and YSR

2474/6216: calculated similarity between CIS_SR and SympChck

2475/6216: calculated similarity between ColorVision and ConsensusD

2476/6216: calculated similarity between ColorVision and CPIC

2477/6216: calculated similarity between ColorVision and CSSRS

2478/6216: calculated similarity between ColorVision and CTOPP

2479/6216: calculated similarity between ColorVision and DailyMed

2480/6216: calculated similarity between ColorVision and Diagnosis_KSADS

2481/6216: calculated similarity between ColorVision and DigitSpan

2482/6216: calculated similarity between ColorVision and Dishion_Teacher

2483/6216: calculated similarity between ColorVision and DrugScreen

2484/6216: calculated similarity between ColorVision and DTS

2485/6216: calculated similarity between ColorVision and EEG_Track

2486/6216: calculated similarity between ColorVision and EHQ

2487/6216: calculated similarity between ColorVision and ESPAD

2488/6216: calculated similarity between ColorVision and ESWAN

2489/6216: calculated similarity between ColorVision and FGA

2490/6216: calculated similarity between ColorVision and FGC

2491/6216: calculated similarity between ColorVision and Fitness_Aerobic

2492/6216: calculated similarity between ColorVision and Fitness_Endurance

2493/6216: calculated similarity between ColorVision and FSQ

2494/6216: calculated similarity between ColorVision and FTND

2495/6216: calculated similarity between ColorVision and FTQA

2496/6216: calculated similarity between ColorVision and GARS

2497/6216: calculated similarity between ColorVision and GFTA

2498/6216: calculated similarity between ColorVision and GRIT

2499/6216: calculated similarity between ColorVision and GSE

2500/6216: calculated similarity between ColorVision and IAT

2501/6216: calculated similarity between ColorVision and ICU_P

2502/6216: calculated similarity between ColorVision and ICU_SR

2503/6216: calculated similarity between ColorVision and IUQ_SR

2504/6216: calculated similarity between ColorVision and IUQ_P

2505/6216: calculated similarity between ColorVision and KBIT

2506/6216: calculated similarity between ColorVision and MFQ_P

2507/6216: calculated similarity between ColorVision and MFQ_SR

2508/6216: calculated similarity between ColorVision and MRI_Track

2509/6216: calculated similarity between ColorVision and NIH_Full

2510/6216: calculated similarity between ColorVision and NIH_Score

2511/6216: calculated similarity between ColorVision and NLES_P

2512/6216: calculated similarity between ColorVision and NLES_SR

2513/6216: calculated similarity between ColorVision and PANAS

2514/6216: calculated similarity between ColorVision and PAQ_A

2515/6216: calculated similarity between ColorVision and PBQ

2516/6216: calculated similarity between ColorVision and PBS

2517/6216: calculated similarity between ColorVision and PCIAT

2518/6216: calculated similarity between ColorVision and Peds_Migraine

2519/6216: calculated similarity between ColorVision and Pegboard

2520/6216: calculated similarity between ColorVision and PhenX_Neighborhood

2521/6216: calculated similarity between ColorVision and PhenX_Schoo

2522/6216: calculated similarity between ColorVision and Physical

2523/6216: calculated similarity between ColorVision and PMHS

2524/6216: calculated similarity between ColorVision and PPS

2525/6216: calculated similarity between ColorVision and PPVT

2526/6216: calculated similarity between ColorVision and Pregnancy

2527/6216: calculated similarity between ColorVision and PreInt_Demos_Home

2528/6216: calculated similarity between ColorVision and PreInt_DevH

2529/6216: calculated similarity between ColorVision and PreInt_EduH

2530/6216: calculated similarity between ColorVision and PreInt_FamH

2531/6216: calculated similarity between ColorVision and PreInt_FamHx_RDC

2532/6216: calculated similarity between ColorVision and PreInt_Lang

2533/6216: calculated similarity between ColorVision and PreInt_TxH

2534/6216: calculated similarity between ColorVision and PSI

2535/6216: calculated similarity between ColorVision and RBS

2536/6216: calculated similarity between ColorVision and RemoteTask

2537/6216: calculated similarity between ColorVision and SAS

2538/6216: calculated similarity between ColorVision and SCARED_P

2539/6216: calculated similarity between ColorVision and SCARED_SR

2540/6216: calculated similarity between ColorVision and SCQ

2541/6216: calculated similarity between ColorVision and SDQ

2542/6216: calculated similarity between ColorVision and SDS

2543/6216: calculated similarity between ColorVision and SRS

2544/6216: calculated similarity between ColorVision and SRS_Pre

2545/6216: calculated similarity between ColorVision and STAI

2546/6216: calculated similarity between ColorVision and SWAN

2547/6216: calculated similarity between ColorVision and TRF

2548/6216: calculated similarity between ColorVision and TRF_P

2549/6216: calculated similarity between ColorVision and Vineland

2550/6216: calculated similarity between ColorVision and WAIS

2551/6216: calculated similarity between ColorVision and WAIS_abb

2552/6216: calculated similarity between ColorVision and WASI

2553/6216: calculated similarity between ColorVision and WHODAS_P

2554/6216: calculated similarity between ColorVision and WHODAS_SR

2555/6216: calculated similarity between ColorVision and WIAT

2556/6216: calculated similarity between ColorVision and WISC

2557/6216: calculated similarity between ColorVision and YFAS

2558/6216: calculated similarity between ColorVision and YFAS_C

2559/6216: calculated similarity between ColorVision and YSR

2560/6216: calculated similarity between ColorVision and SympChck

2561/6216: calculated similarity between ConsensusD and CPIC

2562/6216: calculated similarity between ConsensusD and CSSRS

2563/6216: calculated similarity between ConsensusD and CTOPP

2564/6216: calculated similarity between ConsensusD and DailyMed

2565/6216: calculated similarity between ConsensusD and Diagnosis_KSADS

2566/6216: calculated similarity between ConsensusD and DigitSpan

2567/6216: calculated similarity between ConsensusD and Dishion_Teacher

2568/6216: calculated similarity between ConsensusD and DrugScreen

2569/6216: calculated similarity between ConsensusD and DTS

2570/6216: calculated similarity between ConsensusD and EEG_Track

2571/6216: calculated similarity between ConsensusD and EHQ

2572/6216: calculated similarity between ConsensusD and ESPAD

2573/6216: calculated similarity between ConsensusD and ESWAN

2574/6216: calculated similarity between ConsensusD and FGA

2575/6216: calculated similarity between ConsensusD and FGC

2576/6216: calculated similarity between ConsensusD and Fitness_Aerobic

2577/6216: calculated similarity between ConsensusD and Fitness_Endurance

2578/6216: calculated similarity between ConsensusD and FSQ

2579/6216: calculated similarity between ConsensusD and FTND

2580/6216: calculated similarity between ConsensusD and FTQA

2581/6216: calculated similarity between ConsensusD and GARS

2582/6216: calculated similarity between ConsensusD and GFTA

2583/6216: calculated similarity between ConsensusD and GRIT

2584/6216: calculated similarity between ConsensusD and GSE

2585/6216: calculated similarity between ConsensusD and IAT

2586/6216: calculated similarity between ConsensusD and ICU_P

2587/6216: calculated similarity between ConsensusD and ICU_SR

2588/6216: calculated similarity between ConsensusD and IUQ_SR

2589/6216: calculated similarity between ConsensusD and IUQ_P

2590/6216: calculated similarity between ConsensusD and KBIT

2591/6216: calculated similarity between ConsensusD and MFQ_P

2592/6216: calculated similarity between ConsensusD and MFQ_SR

2593/6216: calculated similarity between ConsensusD and MRI_Track

2594/6216: calculated similarity between ConsensusD and NIH_Full

2595/6216: calculated similarity between ConsensusD and NIH_Score

2596/6216: calculated similarity between ConsensusD and NLES_P

2597/6216: calculated similarity between ConsensusD and NLES_SR

2598/6216: calculated similarity between ConsensusD and PANAS

2599/6216: calculated similarity between ConsensusD and PAQ_A

2600/6216: calculated similarity between ConsensusD and PBQ

2601/6216: calculated similarity between ConsensusD and PBS

2602/6216: calculated similarity between ConsensusD and PCIAT

2603/6216: calculated similarity between ConsensusD and Peds_Migraine

2604/6216: calculated similarity between ConsensusD and Pegboard

2605/6216: calculated similarity between ConsensusD and PhenX_Neighborhood

2606/6216: calculated similarity between ConsensusD and PhenX_Schoo

2607/6216: calculated similarity between ConsensusD and Physical

2608/6216: calculated similarity between ConsensusD and PMHS

2609/6216: calculated similarity between ConsensusD and PPS

2610/6216: calculated similarity between ConsensusD and PPVT

2611/6216: calculated similarity between ConsensusD and Pregnancy

2612/6216: calculated similarity between ConsensusD and PreInt_Demos_Home

2613/6216: calculated similarity between ConsensusD and PreInt_DevH

2614/6216: calculated similarity between ConsensusD and PreInt_EduH

2615/6216: calculated similarity between ConsensusD and PreInt_FamH

2616/6216: calculated similarity between ConsensusD and PreInt_FamHx_RDC

2617/6216: calculated similarity between ConsensusD and PreInt_Lang

2618/6216: calculated similarity between ConsensusD and PreInt_TxH

2619/6216: calculated similarity between ConsensusD and PSI

2620/6216: calculated similarity between ConsensusD and RBS

2621/6216: calculated similarity between ConsensusD and RemoteTask

2622/6216: calculated similarity between ConsensusD and SAS

2623/6216: calculated similarity between ConsensusD and SCARED_P

2624/6216: calculated similarity between ConsensusD and SCARED_SR

2625/6216: calculated similarity between ConsensusD and SCQ

2626/6216: calculated similarity between ConsensusD and SDQ

2627/6216: calculated similarity between ConsensusD and SDS

2628/6216: calculated similarity between ConsensusD and SRS

2629/6216: calculated similarity between ConsensusD and SRS_Pre

2630/6216: calculated similarity between ConsensusD and STAI

2631/6216: calculated similarity between ConsensusD and SWAN

2632/6216: calculated similarity between ConsensusD and TRF

2633/6216: calculated similarity between ConsensusD and TRF_P

2634/6216: calculated similarity between ConsensusD and Vineland

2635/6216: calculated similarity between ConsensusD and WAIS

2636/6216: calculated similarity between ConsensusD and WAIS_abb

2637/6216: calculated similarity between ConsensusD and WASI

2638/6216: calculated similarity between ConsensusD and WHODAS_P

2639/6216: calculated similarity between ConsensusD and WHODAS_SR

2640/6216: calculated similarity between ConsensusD and WIAT

2641/6216: calculated similarity between ConsensusD and WISC

2642/6216: calculated similarity between ConsensusD and YFAS

2643/6216: calculated similarity between ConsensusD and YFAS_C

2644/6216: calculated similarity between ConsensusD and YSR

2645/6216: calculated similarity between ConsensusD and SympChck

2646/6216: calculated similarity between CPIC and CSSRS

2647/6216: calculated similarity between CPIC and CTOPP

2648/6216: calculated similarity between CPIC and DailyMed

2649/6216: calculated similarity between CPIC and Diagnosis_KSADS

2650/6216: calculated similarity between CPIC and DigitSpan

2651/6216: calculated similarity between CPIC and Dishion_Teacher

2652/6216: calculated similarity between CPIC and DrugScreen

2653/6216: calculated similarity between CPIC and DTS

2654/6216: calculated similarity between CPIC and EEG_Track

2655/6216: calculated similarity between CPIC and EHQ

2656/6216: calculated similarity between CPIC and ESPAD

2657/6216: calculated similarity between CPIC and ESWAN

2658/6216: calculated similarity between CPIC and FGA

2659/6216: calculated similarity between CPIC and FGC

2660/6216: calculated similarity between CPIC and Fitness_Aerobic

2661/6216: calculated similarity between CPIC and Fitness_Endurance

2662/6216: calculated similarity between CPIC and FSQ

2663/6216: calculated similarity between CPIC and FTND

2664/6216: calculated similarity between CPIC and FTQA

2665/6216: calculated similarity between CPIC and GARS

2666/6216: calculated similarity between CPIC and GFTA

2667/6216: calculated similarity between CPIC and GRIT

2668/6216: calculated similarity between CPIC and GSE

2669/6216: calculated similarity between CPIC and IAT

2670/6216: calculated similarity between CPIC and ICU_P

2671/6216: calculated similarity between CPIC and ICU_SR

2672/6216: calculated similarity between CPIC and IUQ_SR

2673/6216: calculated similarity between CPIC and IUQ_P

2674/6216: calculated similarity between CPIC and KBIT

2675/6216: calculated similarity between CPIC and MFQ_P

2676/6216: calculated similarity between CPIC and MFQ_SR

2677/6216: calculated similarity between CPIC and MRI_Track

2678/6216: calculated similarity between CPIC and NIH_Full

2679/6216: calculated similarity between CPIC and NIH_Score

2680/6216: calculated similarity between CPIC and NLES_P

2681/6216: calculated similarity between CPIC and NLES_SR

2682/6216: calculated similarity between CPIC and PANAS

2683/6216: calculated similarity between CPIC and PAQ_A

2684/6216: calculated similarity between CPIC and PBQ

2685/6216: calculated similarity between CPIC and PBS

2686/6216: calculated similarity between CPIC and PCIAT

2687/6216: calculated similarity between CPIC and Peds_Migraine

2688/6216: calculated similarity between CPIC and Pegboard

2689/6216: calculated similarity between CPIC and PhenX_Neighborhood

2690/6216: calculated similarity between CPIC and PhenX_Schoo

2691/6216: calculated similarity between CPIC and Physical

2692/6216: calculated similarity between CPIC and PMHS

2693/6216: calculated similarity between CPIC and PPS

2694/6216: calculated similarity between CPIC and PPVT

2695/6216: calculated similarity between CPIC and Pregnancy

2696/6216: calculated similarity between CPIC and PreInt_Demos_Home

2697/6216: calculated similarity between CPIC and PreInt_DevH

2698/6216: calculated similarity between CPIC and PreInt_EduH

2699/6216: calculated similarity between CPIC and PreInt_FamH

2700/6216: calculated similarity between CPIC and PreInt_FamHx_RDC

2701/6216: calculated similarity between CPIC and PreInt_Lang

2702/6216: calculated similarity between CPIC and PreInt_TxH

2703/6216: calculated similarity between CPIC and PSI

2704/6216: calculated similarity between CPIC and RBS

2705/6216: calculated similarity between CPIC and RemoteTask

2706/6216: calculated similarity between CPIC and SAS

2707/6216: calculated similarity between CPIC and SCARED_P

2708/6216: calculated similarity between CPIC and SCARED_SR

2709/6216: calculated similarity between CPIC and SCQ

2710/6216: calculated similarity between CPIC and SDQ

2711/6216: calculated similarity between CPIC and SDS

2712/6216: calculated similarity between CPIC and SRS

2713/6216: calculated similarity between CPIC and SRS_Pre

2714/6216: calculated similarity between CPIC and STAI

2715/6216: calculated similarity between CPIC and SWAN

2716/6216: calculated similarity between CPIC and TRF

2717/6216: calculated similarity between CPIC and TRF_P

2718/6216: calculated similarity between CPIC and Vineland

2719/6216: calculated similarity between CPIC and WAIS

2720/6216: calculated similarity between CPIC and WAIS_abb

2721/6216: calculated similarity between CPIC and WASI

2722/6216: calculated similarity between CPIC and WHODAS_P

2723/6216: calculated similarity between CPIC and WHODAS_SR

2724/6216: calculated similarity between CPIC and WIAT

2725/6216: calculated similarity between CPIC and WISC

2726/6216: calculated similarity between CPIC and YFAS

2727/6216: calculated similarity between CPIC and YFAS_C

2728/6216: calculated similarity between CPIC and YSR

2729/6216: calculated similarity between CPIC and SympChck

2730/6216: calculated similarity between CSSRS and CTOPP

2731/6216: calculated similarity between CSSRS and DailyMed

2732/6216: calculated similarity between CSSRS and Diagnosis_KSADS

2733/6216: calculated similarity between CSSRS and DigitSpan

2734/6216: calculated similarity between CSSRS and Dishion_Teacher

2735/6216: calculated similarity between CSSRS and DrugScreen

2736/6216: calculated similarity between CSSRS and DTS

2737/6216: calculated similarity between CSSRS and EEG_Track

2738/6216: calculated similarity between CSSRS and EHQ

2739/6216: calculated similarity between CSSRS and ESPAD

2740/6216: calculated similarity between CSSRS and ESWAN

2741/6216: calculated similarity between CSSRS and FGA

2742/6216: calculated similarity between CSSRS and FGC

2743/6216: calculated similarity between CSSRS and Fitness_Aerobic

2744/6216: calculated similarity between CSSRS and Fitness_Endurance

2745/6216: calculated similarity between CSSRS and FSQ

2746/6216: calculated similarity between CSSRS and FTND

2747/6216: calculated similarity between CSSRS and FTQA

2748/6216: calculated similarity between CSSRS and GARS

2749/6216: calculated similarity between CSSRS and GFTA

2750/6216: calculated similarity between CSSRS and GRIT

2751/6216: calculated similarity between CSSRS and GSE

2752/6216: calculated similarity between CSSRS and IAT

2753/6216: calculated similarity between CSSRS and ICU_P

2754/6216: calculated similarity between CSSRS and ICU_SR

2755/6216: calculated similarity between CSSRS and IUQ_SR

2756/6216: calculated similarity between CSSRS and IUQ_P

2757/6216: calculated similarity between CSSRS and KBIT

2758/6216: calculated similarity between CSSRS and MFQ_P

2759/6216: calculated similarity between CSSRS and MFQ_SR

2760/6216: calculated similarity between CSSRS and MRI_Track

2761/6216: calculated similarity between CSSRS and NIH_Full

2762/6216: calculated similarity between CSSRS and NIH_Score

2763/6216: calculated similarity between CSSRS and NLES_P

2764/6216: calculated similarity between CSSRS and NLES_SR

2765/6216: calculated similarity between CSSRS and PANAS

2766/6216: calculated similarity between CSSRS and PAQ_A

2767/6216: calculated similarity between CSSRS and PBQ

2768/6216: calculated similarity between CSSRS and PBS

2769/6216: calculated similarity between CSSRS and PCIAT

2770/6216: calculated similarity between CSSRS and Peds_Migraine

2771/6216: calculated similarity between CSSRS and Pegboard

2772/6216: calculated similarity between CSSRS and PhenX_Neighborhood

2773/6216: calculated similarity between CSSRS and PhenX_Schoo

2774/6216: calculated similarity between CSSRS and Physical

2775/6216: calculated similarity between CSSRS and PMHS

2776/6216: calculated similarity between CSSRS and PPS

2777/6216: calculated similarity between CSSRS and PPVT

2778/6216: calculated similarity between CSSRS and Pregnancy

2779/6216: calculated similarity between CSSRS and PreInt_Demos_Home

2780/6216: calculated similarity between CSSRS and PreInt_DevH

2781/6216: calculated similarity between CSSRS and PreInt_EduH

2782/6216: calculated similarity between CSSRS and PreInt_FamH

2783/6216: calculated similarity between CSSRS and PreInt_FamHx_RDC

2784/6216: calculated similarity between CSSRS and PreInt_Lang

2785/6216: calculated similarity between CSSRS and PreInt_TxH

2786/6216: calculated similarity between CSSRS and PSI

2787/6216: calculated similarity between CSSRS and RBS

2788/6216: calculated similarity between CSSRS and RemoteTask

2789/6216: calculated similarity between CSSRS and SAS

2790/6216: calculated similarity between CSSRS and SCARED_P

2791/6216: calculated similarity between CSSRS and SCARED_SR

2792/6216: calculated similarity between CSSRS and SCQ

2793/6216: calculated similarity between CSSRS and SDQ

2794/6216: calculated similarity between CSSRS and SDS

2795/6216: calculated similarity between CSSRS and SRS

2796/6216: calculated similarity between CSSRS and SRS_Pre

2797/6216: calculated similarity between CSSRS and STAI

2798/6216: calculated similarity between CSSRS and SWAN

2799/6216: calculated similarity between CSSRS and TRF

2800/6216: calculated similarity between CSSRS and TRF_P

2801/6216: calculated similarity between CSSRS and Vineland

2802/6216: calculated similarity between CSSRS and WAIS

2803/6216: calculated similarity between CSSRS and WAIS_abb

2804/6216: calculated similarity between CSSRS and WASI

2805/6216: calculated similarity between CSSRS and WHODAS_P

2806/6216: calculated similarity between CSSRS and WHODAS_SR

2807/6216: calculated similarity between CSSRS and WIAT

2808/6216: calculated similarity between CSSRS and WISC

2809/6216: calculated similarity between CSSRS and YFAS

2810/6216: calculated similarity between CSSRS and YFAS_C

2811/6216: calculated similarity between CSSRS and YSR

2812/6216: calculated similarity between CSSRS and SympChck

2813/6216: calculated similarity between CTOPP and DailyMed

2814/6216: calculated similarity between CTOPP and Diagnosis_KSADS

2815/6216: calculated similarity between CTOPP and DigitSpan

2816/6216: calculated similarity between CTOPP and Dishion_Teacher

2817/6216: calculated similarity between CTOPP and DrugScreen

2818/6216: calculated similarity between CTOPP and DTS

2819/6216: calculated similarity between CTOPP and EEG_Track

2820/6216: calculated similarity between CTOPP and EHQ

2821/6216: calculated similarity between CTOPP and ESPAD

2822/6216: calculated similarity between CTOPP and ESWAN

2823/6216: calculated similarity between CTOPP and FGA

2824/6216: calculated similarity between CTOPP and FGC

2825/6216: calculated similarity between CTOPP and Fitness_Aerobic

2826/6216: calculated similarity between CTOPP and Fitness_Endurance

2827/6216: calculated similarity between CTOPP and FSQ

2828/6216: calculated similarity between CTOPP and FTND

2829/6216: calculated similarity between CTOPP and FTQA

2830/6216: calculated similarity between CTOPP and GARS

2831/6216: calculated similarity between CTOPP and GFTA

2832/6216: calculated similarity between CTOPP and GRIT

2833/6216: calculated similarity between CTOPP and GSE

2834/6216: calculated similarity between CTOPP and IAT

2835/6216: calculated similarity between CTOPP and ICU_P

2836/6216: calculated similarity between CTOPP and ICU_SR

2837/6216: calculated similarity between CTOPP and IUQ_SR

2838/6216: calculated similarity between CTOPP and IUQ_P

2839/6216: calculated similarity between CTOPP and KBIT

2840/6216: calculated similarity between CTOPP and MFQ_P

2841/6216: calculated similarity between CTOPP and MFQ_SR

2842/6216: calculated similarity between CTOPP and MRI_Track

2843/6216: calculated similarity between CTOPP and NIH_Full

2844/6216: calculated similarity between CTOPP and NIH_Score

2845/6216: calculated similarity between CTOPP and NLES_P

2846/6216: calculated similarity between CTOPP and NLES_SR

2847/6216: calculated similarity between CTOPP and PANAS

2848/6216: calculated similarity between CTOPP and PAQ_A

2849/6216: calculated similarity between CTOPP and PBQ

2850/6216: calculated similarity between CTOPP and PBS

2851/6216: calculated similarity between CTOPP and PCIAT

2852/6216: calculated similarity between CTOPP and Peds_Migraine

2853/6216: calculated similarity between CTOPP and Pegboard

2854/6216: calculated similarity between CTOPP and PhenX_Neighborhood

2855/6216: calculated similarity between CTOPP and PhenX_Schoo

2856/6216: calculated similarity between CTOPP and Physical

2857/6216: calculated similarity between CTOPP and PMHS

2858/6216: calculated similarity between CTOPP and PPS

2859/6216: calculated similarity between CTOPP and PPVT

2860/6216: calculated similarity between CTOPP and Pregnancy

2861/6216: calculated similarity between CTOPP and PreInt_Demos_Home

2862/6216: calculated similarity between CTOPP and PreInt_DevH

2863/6216: calculated similarity between CTOPP and PreInt_EduH

2864/6216: calculated similarity between CTOPP and PreInt_FamH

2865/6216: calculated similarity between CTOPP and PreInt_FamHx_RDC

2866/6216: calculated similarity between CTOPP and PreInt_Lang

2867/6216: calculated similarity between CTOPP and PreInt_TxH

2868/6216: calculated similarity between CTOPP and PSI

2869/6216: calculated similarity between CTOPP and RBS

2870/6216: calculated similarity between CTOPP and RemoteTask

2871/6216: calculated similarity between CTOPP and SAS

2872/6216: calculated similarity between CTOPP and SCARED_P

2873/6216: calculated similarity between CTOPP and SCARED_SR

2874/6216: calculated similarity between CTOPP and SCQ

2875/6216: calculated similarity between CTOPP and SDQ

2876/6216: calculated similarity between CTOPP and SDS

2877/6216: calculated similarity between CTOPP and SRS

2878/6216: calculated similarity between CTOPP and SRS_Pre

2879/6216: calculated similarity between CTOPP and STAI

2880/6216: calculated similarity between CTOPP and SWAN

2881/6216: calculated similarity between CTOPP and TRF

2882/6216: calculated similarity between CTOPP and TRF_P

2883/6216: calculated similarity between CTOPP and Vineland

2884/6216: calculated similarity between CTOPP and WAIS

2885/6216: calculated similarity between CTOPP and WAIS_abb

2886/6216: calculated similarity between CTOPP and WASI

2887/6216: calculated similarity between CTOPP and WHODAS_P

2888/6216: calculated similarity between CTOPP and WHODAS_SR

2889/6216: calculated similarity between CTOPP and WIAT

2890/6216: calculated similarity between CTOPP and WISC

2891/6216: calculated similarity between CTOPP and YFAS

2892/6216: calculated similarity between CTOPP and YFAS_C

2893/6216: calculated similarity between CTOPP and YSR

2894/6216: calculated similarity between CTOPP and SympChck

2895/6216: calculated similarity between DailyMed and Diagnosis_KSADS

2896/6216: calculated similarity between DailyMed and DigitSpan

2897/6216: calculated similarity between DailyMed and Dishion_Teacher

2898/6216: calculated similarity between DailyMed and DrugScreen

2899/6216: calculated similarity between DailyMed and DTS

2900/6216: calculated similarity between DailyMed and EEG_Track

2901/6216: calculated similarity between DailyMed and EHQ

2902/6216: calculated similarity between DailyMed and ESPAD

2903/6216: calculated similarity between DailyMed and ESWAN

2904/6216: calculated similarity between DailyMed and FGA

2905/6216: calculated similarity between DailyMed and FGC

2906/6216: calculated similarity between DailyMed and Fitness_Aerobic

2907/6216: calculated similarity between DailyMed and Fitness_Endurance

2908/6216: calculated similarity between DailyMed and FSQ

2909/6216: calculated similarity between DailyMed and FTND

2910/6216: calculated similarity between DailyMed and FTQA

2911/6216: calculated similarity between DailyMed and GARS

2912/6216: calculated similarity between DailyMed and GFTA

2913/6216: calculated similarity between DailyMed and GRIT

2914/6216: calculated similarity between DailyMed and GSE

2915/6216: calculated similarity between DailyMed and IAT

2916/6216: calculated similarity between DailyMed and ICU_P

2917/6216: calculated similarity between DailyMed and ICU_SR

2918/6216: calculated similarity between DailyMed and IUQ_SR

2919/6216: calculated similarity between DailyMed and IUQ_P

2920/6216: calculated similarity between DailyMed and KBIT

2921/6216: calculated similarity between DailyMed and MFQ_P

2922/6216: calculated similarity between DailyMed and MFQ_SR

2923/6216: calculated similarity between DailyMed and MRI_Track

2924/6216: calculated similarity between DailyMed and NIH_Full

2925/6216: calculated similarity between DailyMed and NIH_Score

2926/6216: calculated similarity between DailyMed and NLES_P

2927/6216: calculated similarity between DailyMed and NLES_SR

2928/6216: calculated similarity between DailyMed and PANAS

2929/6216: calculated similarity between DailyMed and PAQ_A

2930/6216: calculated similarity between DailyMed and PBQ

2931/6216: calculated similarity between DailyMed and PBS

2932/6216: calculated similarity between DailyMed and PCIAT

2933/6216: calculated similarity between DailyMed and Peds_Migraine

2934/6216: calculated similarity between DailyMed and Pegboard

2935/6216: calculated similarity between DailyMed and PhenX_Neighborhood

2936/6216: calculated similarity between DailyMed and PhenX_Schoo

2937/6216: calculated similarity between DailyMed and Physical

2938/6216: calculated similarity between DailyMed and PMHS

2939/6216: calculated similarity between DailyMed and PPS

2940/6216: calculated similarity between DailyMed and PPVT

2941/6216: calculated similarity between DailyMed and Pregnancy

2942/6216: calculated similarity between DailyMed and PreInt_Demos_Home

2943/6216: calculated similarity between DailyMed and PreInt_DevH

2944/6216: calculated similarity between DailyMed and PreInt_EduH

2945/6216: calculated similarity between DailyMed and PreInt_FamH

2946/6216: calculated similarity between DailyMed and PreInt_FamHx_RDC

2947/6216: calculated similarity between DailyMed and PreInt_Lang

2948/6216: calculated similarity between DailyMed and PreInt_TxH

2949/6216: calculated similarity between DailyMed and PSI

2950/6216: calculated similarity between DailyMed and RBS

2951/6216: calculated similarity between DailyMed and RemoteTask

2952/6216: calculated similarity between DailyMed and SAS

2953/6216: calculated similarity between DailyMed and SCARED_P

2954/6216: calculated similarity between DailyMed and SCARED_SR

2955/6216: calculated similarity between DailyMed and SCQ

2956/6216: calculated similarity between DailyMed and SDQ

2957/6216: calculated similarity between DailyMed and SDS

2958/6216: calculated similarity between DailyMed and SRS

2959/6216: calculated similarity between DailyMed and SRS_Pre

2960/6216: calculated similarity between DailyMed and STAI

2961/6216: calculated similarity between DailyMed and SWAN

2962/6216: calculated similarity between DailyMed and TRF

2963/6216: calculated similarity between DailyMed and TRF_P

2964/6216: calculated similarity between DailyMed and Vineland

2965/6216: calculated similarity between DailyMed and WAIS

2966/6216: calculated similarity between DailyMed and WAIS_abb

2967/6216: calculated similarity between DailyMed and WASI

2968/6216: calculated similarity between DailyMed and WHODAS_P

2969/6216: calculated similarity between DailyMed and WHODAS_SR

2970/6216: calculated similarity between DailyMed and WIAT

2971/6216: calculated similarity between DailyMed and WISC

2972/6216: calculated similarity between DailyMed and YFAS

2973/6216: calculated similarity between DailyMed and YFAS_C

2974/6216: calculated similarity between DailyMed and YSR

2975/6216: calculated similarity between DailyMed and SympChck

2976/6216: calculated similarity between Diagnosis_KSADS and DigitSpan

2977/6216: calculated similarity between Diagnosis_KSADS and Dishion_Teacher

2978/6216: calculated similarity between Diagnosis_KSADS and DrugScreen

2979/6216: calculated similarity between Diagnosis_KSADS and DTS

2980/6216: calculated similarity between Diagnosis_KSADS and EEG_Track

2981/6216: calculated similarity between Diagnosis_KSADS and EHQ

2982/6216: calculated similarity between Diagnosis_KSADS and ESPAD

2983/6216: calculated similarity between Diagnosis_KSADS and ESWAN

2984/6216: calculated similarity between Diagnosis_KSADS and FGA

2985/6216: calculated similarity between Diagnosis_KSADS and FGC

2986/6216: calculated similarity between Diagnosis_KSADS and Fitness_Aerobic

2987/6216: calculated similarity between Diagnosis_KSADS and Fitness_Endurance

2988/6216: calculated similarity between Diagnosis_KSADS and FSQ

2989/6216: calculated similarity between Diagnosis_KSADS and FTND

2990/6216: calculated similarity between Diagnosis_KSADS and FTQA

2991/6216: calculated similarity between Diagnosis_KSADS and GARS

2992/6216: calculated similarity between Diagnosis_KSADS and GFTA

2993/6216: calculated similarity between Diagnosis_KSADS and GRIT

2994/6216: calculated similarity between Diagnosis_KSADS and GSE

2995/6216: calculated similarity between Diagnosis_KSADS and IAT

2996/6216: calculated similarity between Diagnosis_KSADS and ICU_P

2997/6216: calculated similarity between Diagnosis_KSADS and ICU_SR

2998/6216: calculated similarity between Diagnosis_KSADS and IUQ_SR

2999/6216: calculated similarity between Diagnosis_KSADS and IUQ_P

3000/6216: calculated similarity between Diagnosis_KSADS and KBIT

3001/6216: calculated similarity between Diagnosis_KSADS and MFQ_P

3002/6216: calculated similarity between Diagnosis_KSADS and MFQ_SR

3003/6216: calculated similarity between Diagnosis_KSADS and MRI_Track

3004/6216: calculated similarity between Diagnosis_KSADS and NIH_Full

3005/6216: calculated similarity between Diagnosis_KSADS and NIH_Score

3006/6216: calculated similarity between Diagnosis_KSADS and NLES_P

3007/6216: calculated similarity between Diagnosis_KSADS and NLES_SR

3008/6216: calculated similarity between Diagnosis_KSADS and PANAS

3009/6216: calculated similarity between Diagnosis_KSADS and PAQ_A

3010/6216: calculated similarity between Diagnosis_KSADS and PBQ

3011/6216: calculated similarity between Diagnosis_KSADS and PBS

3012/6216: calculated similarity between Diagnosis_KSADS and PCIAT

3013/6216: calculated similarity between Diagnosis_KSADS and Peds_Migraine

3014/6216: calculated similarity between Diagnosis_KSADS and Pegboard

3015/6216: calculated similarity between Diagnosis_KSADS and PhenX_Neighborhood

3016/6216: calculated similarity between Diagnosis_KSADS and PhenX_Schoo

3017/6216: calculated similarity between Diagnosis_KSADS and Physical

3018/6216: calculated similarity between Diagnosis_KSADS and PMHS

3019/6216: calculated similarity between Diagnosis_KSADS and PPS

3020/6216: calculated similarity between Diagnosis_KSADS and PPVT

3021/6216: calculated similarity between Diagnosis_KSADS and Pregnancy

3022/6216: calculated similarity between Diagnosis_KSADS and PreInt_Demos_Home

3023/6216: calculated similarity between Diagnosis_KSADS and PreInt_DevH

3024/6216: calculated similarity between Diagnosis_KSADS and PreInt_EduH

3025/6216: calculated similarity between Diagnosis_KSADS and PreInt_FamH

3026/6216: calculated similarity between Diagnosis_KSADS and PreInt_FamHx_RDC

3027/6216: calculated similarity between Diagnosis_KSADS and PreInt_Lang

3028/6216: calculated similarity between Diagnosis_KSADS and PreInt_TxH

3029/6216: calculated similarity between Diagnosis_KSADS and PSI

3030/6216: calculated similarity between Diagnosis_KSADS and RBS

3031/6216: calculated similarity between Diagnosis_KSADS and RemoteTask

3032/6216: calculated similarity between Diagnosis_KSADS and SAS

3033/6216: calculated similarity between Diagnosis_KSADS and SCARED_P

3034/6216: calculated similarity between Diagnosis_KSADS and SCARED_SR

3035/6216: calculated similarity between Diagnosis_KSADS and SCQ

3036/6216: calculated similarity between Diagnosis_KSADS and SDQ

3037/6216: calculated similarity between Diagnosis_KSADS and SDS

3038/6216: calculated similarity between Diagnosis_KSADS and SRS

3039/6216: calculated similarity between Diagnosis_KSADS and SRS_Pre

3040/6216: calculated similarity between Diagnosis_KSADS and STAI

3041/6216: calculated similarity between Diagnosis_KSADS and SWAN

3042/6216: calculated similarity between Diagnosis_KSADS and TRF

3043/6216: calculated similarity between Diagnosis_KSADS and TRF_P

3044/6216: calculated similarity between Diagnosis_KSADS and Vineland

3045/6216: calculated similarity between Diagnosis_KSADS and WAIS

3046/6216: calculated similarity between Diagnosis_KSADS and WAIS_abb

3047/6216: calculated similarity between Diagnosis_KSADS and WASI

3048/6216: calculated similarity between Diagnosis_KSADS and WHODAS_P

3049/6216: calculated similarity between Diagnosis_KSADS and WHODAS_SR

3050/6216: calculated similarity between Diagnosis_KSADS and WIAT

3051/6216: calculated similarity between Diagnosis_KSADS and WISC

3052/6216: calculated similarity between Diagnosis_KSADS and YFAS

3053/6216: calculated similarity between Diagnosis_KSADS and YFAS_C

3054/6216: calculated similarity between Diagnosis_KSADS and YSR

3055/6216: calculated similarity between Diagnosis_KSADS and SympChck

3056/6216: calculated similarity between DigitSpan and Dishion_Teacher

3057/6216: calculated similarity between DigitSpan and DrugScreen

3058/6216: calculated similarity between DigitSpan and DTS

3059/6216: calculated similarity between DigitSpan and EEG_Track

3060/6216: calculated similarity between DigitSpan and EHQ

3061/6216: calculated similarity between DigitSpan and ESPAD

3062/6216: calculated similarity between DigitSpan and ESWAN

3063/6216: calculated similarity between DigitSpan and FGA

3064/6216: calculated similarity between DigitSpan and FGC

3065/6216: calculated similarity between DigitSpan and Fitness_Aerobic

3066/6216: calculated similarity between DigitSpan and Fitness_Endurance

3067/6216: calculated similarity between DigitSpan and FSQ

3068/6216: calculated similarity between DigitSpan and FTND

3069/6216: calculated similarity between DigitSpan and FTQA

3070/6216: calculated similarity between DigitSpan and GARS

3071/6216: calculated similarity between DigitSpan and GFTA

3072/6216: calculated similarity between DigitSpan and GRIT

3073/6216: calculated similarity between DigitSpan and GSE

3074/6216: calculated similarity between DigitSpan and IAT

3075/6216: calculated similarity between DigitSpan and ICU_P

3076/6216: calculated similarity between DigitSpan and ICU_SR

3077/6216: calculated similarity between DigitSpan and IUQ_SR

3078/6216: calculated similarity between DigitSpan and IUQ_P

3079/6216: calculated similarity between DigitSpan and KBIT

3080/6216: calculated similarity between DigitSpan and MFQ_P

3081/6216: calculated similarity between DigitSpan and MFQ_SR

3082/6216: calculated similarity between DigitSpan and MRI_Track

3083/6216: calculated similarity between DigitSpan and NIH_Full

3084/6216: calculated similarity between DigitSpan and NIH_Score

3085/6216: calculated similarity between DigitSpan and NLES_P

3086/6216: calculated similarity between DigitSpan and NLES_SR

3087/6216: calculated similarity between DigitSpan and PANAS

3088/6216: calculated similarity between DigitSpan and PAQ_A

3089/6216: calculated similarity between DigitSpan and PBQ

3090/6216: calculated similarity between DigitSpan and PBS

3091/6216: calculated similarity between DigitSpan and PCIAT

3092/6216: calculated similarity between DigitSpan and Peds_Migraine

3093/6216: calculated similarity between DigitSpan and Pegboard

3094/6216: calculated similarity between DigitSpan and PhenX_Neighborhood

3095/6216: calculated similarity between DigitSpan and PhenX_Schoo

3096/6216: calculated similarity between DigitSpan and Physical

3097/6216: calculated similarity between DigitSpan and PMHS

3098/6216: calculated similarity between DigitSpan and PPS

3099/6216: calculated similarity between DigitSpan and PPVT

3100/6216: calculated similarity between DigitSpan and Pregnancy

3101/6216: calculated similarity between DigitSpan and PreInt_Demos_Home

3102/6216: calculated similarity between DigitSpan and PreInt_DevH

3103/6216: calculated similarity between DigitSpan and PreInt_EduH

3104/6216: calculated similarity between DigitSpan and PreInt_FamH

3105/6216: calculated similarity between DigitSpan and PreInt_FamHx_RDC

3106/6216: calculated similarity between DigitSpan and PreInt_Lang

3107/6216: calculated similarity between DigitSpan and PreInt_TxH

3108/6216: calculated similarity between DigitSpan and PSI

3109/6216: calculated similarity between DigitSpan and RBS

3110/6216: calculated similarity between DigitSpan and RemoteTask

3111/6216: calculated similarity between DigitSpan and SAS

3112/6216: calculated similarity between DigitSpan and SCARED_P

3113/6216: calculated similarity between DigitSpan and SCARED_SR

3114/6216: calculated similarity between DigitSpan and SCQ

3115/6216: calculated similarity between DigitSpan and SDQ

3116/6216: calculated similarity between DigitSpan and SDS

3117/6216: calculated similarity between DigitSpan and SRS

3118/6216: calculated similarity between DigitSpan and SRS_Pre

3119/6216: calculated similarity between DigitSpan and STAI

3120/6216: calculated similarity between DigitSpan and SWAN

3121/6216: calculated similarity between DigitSpan and TRF

3122/6216: calculated similarity between DigitSpan and TRF_P

3123/6216: calculated similarity between DigitSpan and Vineland

3124/6216: calculated similarity between DigitSpan and WAIS

3125/6216: calculated similarity between DigitSpan and WAIS_abb

3126/6216: calculated similarity between DigitSpan and WASI

3127/6216: calculated similarity between DigitSpan and WHODAS_P

3128/6216: calculated similarity between DigitSpan and WHODAS_SR

3129/6216: calculated similarity between DigitSpan and WIAT

3130/6216: calculated similarity between DigitSpan and WISC

3131/6216: calculated similarity between DigitSpan and YFAS

3132/6216: calculated similarity between DigitSpan and YFAS_C

3133/6216: calculated similarity between DigitSpan and YSR

3134/6216: calculated similarity between DigitSpan and SympChck

3135/6216: calculated similarity between Dishion_Teacher and DrugScreen

3136/6216: calculated similarity between Dishion_Teacher and DTS

3137/6216: calculated similarity between Dishion_Teacher and EEG_Track

3138/6216: calculated similarity between Dishion_Teacher and EHQ

3139/6216: calculated similarity between Dishion_Teacher and ESPAD

3140/6216: calculated similarity between Dishion_Teacher and ESWAN

3141/6216: calculated similarity between Dishion_Teacher and FGA

3142/6216: calculated similarity between Dishion_Teacher and FGC

3143/6216: calculated similarity between Dishion_Teacher and Fitness_Aerobic

3144/6216: calculated similarity between Dishion_Teacher and Fitness_Endurance

3145/6216: calculated similarity between Dishion_Teacher and FSQ

3146/6216: calculated similarity between Dishion_Teacher and FTND

3147/6216: calculated similarity between Dishion_Teacher and FTQA

3148/6216: calculated similarity between Dishion_Teacher and GARS

3149/6216: calculated similarity between Dishion_Teacher and GFTA

3150/6216: calculated similarity between Dishion_Teacher and GRIT

3151/6216: calculated similarity between Dishion_Teacher and GSE

3152/6216: calculated similarity between Dishion_Teacher and IAT

3153/6216: calculated similarity between Dishion_Teacher and ICU_P

3154/6216: calculated similarity between Dishion_Teacher and ICU_SR

3155/6216: calculated similarity between Dishion_Teacher and IUQ_SR

3156/6216: calculated similarity between Dishion_Teacher and IUQ_P

3157/6216: calculated similarity between Dishion_Teacher and KBIT

3158/6216: calculated similarity between Dishion_Teacher and MFQ_P

3159/6216: calculated similarity between Dishion_Teacher and MFQ_SR

3160/6216: calculated similarity between Dishion_Teacher and MRI_Track

3161/6216: calculated similarity between Dishion_Teacher and NIH_Full

3162/6216: calculated similarity between Dishion_Teacher and NIH_Score

3163/6216: calculated similarity between Dishion_Teacher and NLES_P

3164/6216: calculated similarity between Dishion_Teacher and NLES_SR

3165/6216: calculated similarity between Dishion_Teacher and PANAS

3166/6216: calculated similarity between Dishion_Teacher and PAQ_A

3167/6216: calculated similarity between Dishion_Teacher and PBQ

3168/6216: calculated similarity between Dishion_Teacher and PBS

3169/6216: calculated similarity between Dishion_Teacher and PCIAT

3170/6216: calculated similarity between Dishion_Teacher and Peds_Migraine

3171/6216: calculated similarity between Dishion_Teacher and Pegboard

3172/6216: calculated similarity between Dishion_Teacher and PhenX_Neighborhood

3173/6216: calculated similarity between Dishion_Teacher and PhenX_Schoo

3174/6216: calculated similarity between Dishion_Teacher and Physical

3175/6216: calculated similarity between Dishion_Teacher and PMHS

3176/6216: calculated similarity between Dishion_Teacher and PPS

3177/6216: calculated similarity between Dishion_Teacher and PPVT

3178/6216: calculated similarity between Dishion_Teacher and Pregnancy

3179/6216: calculated similarity between Dishion_Teacher and PreInt_Demos_Home

3180/6216: calculated similarity between Dishion_Teacher and PreInt_DevH

3181/6216: calculated similarity between Dishion_Teacher and PreInt_EduH

3182/6216: calculated similarity between Dishion_Teacher and PreInt_FamH

3183/6216: calculated similarity between Dishion_Teacher and PreInt_FamHx_RDC

3184/6216: calculated similarity between Dishion_Teacher and PreInt_Lang

3185/6216: calculated similarity between Dishion_Teacher and PreInt_TxH

3186/6216: calculated similarity between Dishion_Teacher and PSI

3187/6216: calculated similarity between Dishion_Teacher and RBS

3188/6216: calculated similarity between Dishion_Teacher and RemoteTask

3189/6216: calculated similarity between Dishion_Teacher and SAS

3190/6216: calculated similarity between Dishion_Teacher and SCARED_P

3191/6216: calculated similarity between Dishion_Teacher and SCARED_SR

3192/6216: calculated similarity between Dishion_Teacher and SCQ

3193/6216: calculated similarity between Dishion_Teacher and SDQ

3194/6216: calculated similarity between Dishion_Teacher and SDS

3195/6216: calculated similarity between Dishion_Teacher and SRS

3196/6216: calculated similarity between Dishion_Teacher and SRS_Pre

3197/6216: calculated similarity between Dishion_Teacher and STAI

3198/6216: calculated similarity between Dishion_Teacher and SWAN

3199/6216: calculated similarity between Dishion_Teacher and TRF

3200/6216: calculated similarity between Dishion_Teacher and TRF_P

3201/6216: calculated similarity between Dishion_Teacher and Vineland

3202/6216: calculated similarity between Dishion_Teacher and WAIS

3203/6216: calculated similarity between Dishion_Teacher and WAIS_abb

3204/6216: calculated similarity between Dishion_Teacher and WASI

3205/6216: calculated similarity between Dishion_Teacher and WHODAS_P

3206/6216: calculated similarity between Dishion_Teacher and WHODAS_SR

3207/6216: calculated similarity between Dishion_Teacher and WIAT

3208/6216: calculated similarity between Dishion_Teacher and WISC

3209/6216: calculated similarity between Dishion_Teacher and YFAS

3210/6216: calculated similarity between Dishion_Teacher and YFAS_C

3211/6216: calculated similarity between Dishion_Teacher and YSR

3212/6216: calculated similarity between Dishion_Teacher and SympChck

3213/6216: calculated similarity between DrugScreen and DTS

3214/6216: calculated similarity between DrugScreen and EEG_Track

3215/6216: calculated similarity between DrugScreen and EHQ

3216/6216: calculated similarity between DrugScreen and ESPAD

3217/6216: calculated similarity between DrugScreen and ESWAN

3218/6216: calculated similarity between DrugScreen and FGA

3219/6216: calculated similarity between DrugScreen and FGC

3220/6216: calculated similarity between DrugScreen and Fitness_Aerobic

3221/6216: calculated similarity between DrugScreen and Fitness_Endurance

3222/6216: calculated similarity between DrugScreen and FSQ

3223/6216: calculated similarity between DrugScreen and FTND

3224/6216: calculated similarity between DrugScreen and FTQA

3225/6216: calculated similarity between DrugScreen and GARS

3226/6216: calculated similarity between DrugScreen and GFTA

3227/6216: calculated similarity between DrugScreen and GRIT

3228/6216: calculated similarity between DrugScreen and GSE

3229/6216: calculated similarity between DrugScreen and IAT

3230/6216: calculated similarity between DrugScreen and ICU_P

3231/6216: calculated similarity between DrugScreen and ICU_SR

3232/6216: calculated similarity between DrugScreen and IUQ_SR

3233/6216: calculated similarity between DrugScreen and IUQ_P

3234/6216: calculated similarity between DrugScreen and KBIT

3235/6216: calculated similarity between DrugScreen and MFQ_P

3236/6216: calculated similarity between DrugScreen and MFQ_SR

3237/6216: calculated similarity between DrugScreen and MRI_Track

3238/6216: calculated similarity between DrugScreen and NIH_Full

3239/6216: calculated similarity between DrugScreen and NIH_Score

3240/6216: calculated similarity between DrugScreen and NLES_P

3241/6216: calculated similarity between DrugScreen and NLES_SR

3242/6216: calculated similarity between DrugScreen and PANAS

3243/6216: calculated similarity between DrugScreen and PAQ_A

3244/6216: calculated similarity between DrugScreen and PBQ

3245/6216: calculated similarity between DrugScreen and PBS

3246/6216: calculated similarity between DrugScreen and PCIAT

3247/6216: calculated similarity between DrugScreen and Peds_Migraine

3248/6216: calculated similarity between DrugScreen and Pegboard

3249/6216: calculated similarity between DrugScreen and PhenX_Neighborhood

3250/6216: calculated similarity between DrugScreen and PhenX_Schoo

3251/6216: calculated similarity between DrugScreen and Physical

3252/6216: calculated similarity between DrugScreen and PMHS

3253/6216: calculated similarity between DrugScreen and PPS

3254/6216: calculated similarity between DrugScreen and PPVT

3255/6216: calculated similarity between DrugScreen and Pregnancy

3256/6216: calculated similarity between DrugScreen and PreInt_Demos_Home

3257/6216: calculated similarity between DrugScreen and PreInt_DevH

3258/6216: calculated similarity between DrugScreen and PreInt_EduH

3259/6216: calculated similarity between DrugScreen and PreInt_FamH

3260/6216: calculated similarity between DrugScreen and PreInt_FamHx_RDC

3261/6216: calculated similarity between DrugScreen and PreInt_Lang

3262/6216: calculated similarity between DrugScreen and PreInt_TxH

3263/6216: calculated similarity between DrugScreen and PSI

3264/6216: calculated similarity between DrugScreen and RBS

3265/6216: calculated similarity between DrugScreen and RemoteTask

3266/6216: calculated similarity between DrugScreen and SAS

3267/6216: calculated similarity between DrugScreen and SCARED_P

3268/6216: calculated similarity between DrugScreen and SCARED_SR

3269/6216: calculated similarity between DrugScreen and SCQ

3270/6216: calculated similarity between DrugScreen and SDQ

3271/6216: calculated similarity between DrugScreen and SDS

3272/6216: calculated similarity between DrugScreen and SRS

3273/6216: calculated similarity between DrugScreen and SRS_Pre

3274/6216: calculated similarity between DrugScreen and STAI

3275/6216: calculated similarity between DrugScreen and SWAN

3276/6216: calculated similarity between DrugScreen and TRF

3277/6216: calculated similarity between DrugScreen and TRF_P

3278/6216: calculated similarity between DrugScreen and Vineland

3279/6216: calculated similarity between DrugScreen and WAIS

3280/6216: calculated similarity between DrugScreen and WAIS_abb

3281/6216: calculated similarity between DrugScreen and WASI

3282/6216: calculated similarity between DrugScreen and WHODAS_P

3283/6216: calculated similarity between DrugScreen and WHODAS_SR

3284/6216: calculated similarity between DrugScreen and WIAT

3285/6216: calculated similarity between DrugScreen and WISC

3286/6216: calculated similarity between DrugScreen and YFAS

3287/6216: calculated similarity between DrugScreen and YFAS_C

3288/6216: calculated similarity between DrugScreen and YSR

3289/6216: calculated similarity between DrugScreen and SympChck

3290/6216: calculated similarity between DTS and EEG_Track

3291/6216: calculated similarity between DTS and EHQ

3292/6216: calculated similarity between DTS and ESPAD

3293/6216: calculated similarity between DTS and ESWAN

3294/6216: calculated similarity between DTS and FGA

3295/6216: calculated similarity between DTS and FGC

3296/6216: calculated similarity between DTS and Fitness_Aerobic

3297/6216: calculated similarity between DTS and Fitness_Endurance

3298/6216: calculated similarity between DTS and FSQ

3299/6216: calculated similarity between DTS and FTND

3300/6216: calculated similarity between DTS and FTQA

3301/6216: calculated similarity between DTS and GARS

3302/6216: calculated similarity between DTS and GFTA

3303/6216: calculated similarity between DTS and GRIT

3304/6216: calculated similarity between DTS and GSE

3305/6216: calculated similarity between DTS and IAT

3306/6216: calculated similarity between DTS and ICU_P

3307/6216: calculated similarity between DTS and ICU_SR

3308/6216: calculated similarity between DTS and IUQ_SR

3309/6216: calculated similarity between DTS and IUQ_P

3310/6216: calculated similarity between DTS and KBIT

3311/6216: calculated similarity between DTS and MFQ_P

3312/6216: calculated similarity between DTS and MFQ_SR

3313/6216: calculated similarity between DTS and MRI_Track

3314/6216: calculated similarity between DTS and NIH_Full

3315/6216: calculated similarity between DTS and NIH_Score

3316/6216: calculated similarity between DTS and NLES_P

3317/6216: calculated similarity between DTS and NLES_SR

3318/6216: calculated similarity between DTS and PANAS

3319/6216: calculated similarity between DTS and PAQ_A

3320/6216: calculated similarity between DTS and PBQ

3321/6216: calculated similarity between DTS and PBS

3322/6216: calculated similarity between DTS and PCIAT

3323/6216: calculated similarity between DTS and Peds_Migraine

3324/6216: calculated similarity between DTS and Pegboard

3325/6216: calculated similarity between DTS and PhenX_Neighborhood

3326/6216: calculated similarity between DTS and PhenX_Schoo

3327/6216: calculated similarity between DTS and Physical

3328/6216: calculated similarity between DTS and PMHS

3329/6216: calculated similarity between DTS and PPS

3330/6216: calculated similarity between DTS and PPVT

3331/6216: calculated similarity between DTS and Pregnancy

3332/6216: calculated similarity between DTS and PreInt_Demos_Home

3333/6216: calculated similarity between DTS and PreInt_DevH

3334/6216: calculated similarity between DTS and PreInt_EduH

3335/6216: calculated similarity between DTS and PreInt_FamH

3336/6216: calculated similarity between DTS and PreInt_FamHx_RDC

3337/6216: calculated similarity between DTS and PreInt_Lang

3338/6216: calculated similarity between DTS and PreInt_TxH

3339/6216: calculated similarity between DTS and PSI

3340/6216: calculated similarity between DTS and RBS

3341/6216: calculated similarity between DTS and RemoteTask

3342/6216: calculated similarity between DTS and SAS

3343/6216: calculated similarity between DTS and SCARED_P

3344/6216: calculated similarity between DTS and SCARED_SR

3345/6216: calculated similarity between DTS and SCQ

3346/6216: calculated similarity between DTS and SDQ

3347/6216: calculated similarity between DTS and SDS

3348/6216: calculated similarity between DTS and SRS

3349/6216: calculated similarity between DTS and SRS_Pre

3350/6216: calculated similarity between DTS and STAI

3351/6216: calculated similarity between DTS and SWAN

3352/6216: calculated similarity between DTS and TRF

3353/6216: calculated similarity between DTS and TRF_P

3354/6216: calculated similarity between DTS and Vineland

3355/6216: calculated similarity between DTS and WAIS

3356/6216: calculated similarity between DTS and WAIS_abb

3357/6216: calculated similarity between DTS and WASI

3358/6216: calculated similarity between DTS and WHODAS_P

3359/6216: calculated similarity between DTS and WHODAS_SR

3360/6216: calculated similarity between DTS and WIAT

3361/6216: calculated similarity between DTS and WISC

3362/6216: calculated similarity between DTS and YFAS

3363/6216: calculated similarity between DTS and YFAS_C

3364/6216: calculated similarity between DTS and YSR

3365/6216: calculated similarity between DTS and SympChck

3366/6216: calculated similarity between EEG_Track and EHQ

3367/6216: calculated similarity between EEG_Track and ESPAD

3368/6216: calculated similarity between EEG_Track and ESWAN

3369/6216: calculated similarity between EEG_Track and FGA

3370/6216: calculated similarity between EEG_Track and FGC

3371/6216: calculated similarity between EEG_Track and Fitness_Aerobic

3372/6216: calculated similarity between EEG_Track and Fitness_Endurance

3373/6216: calculated similarity between EEG_Track and FSQ

3374/6216: calculated similarity between EEG_Track and FTND

3375/6216: calculated similarity between EEG_Track and FTQA

3376/6216: calculated similarity between EEG_Track and GARS

3377/6216: calculated similarity between EEG_Track and GFTA

3378/6216: calculated similarity between EEG_Track and GRIT

3379/6216: calculated similarity between EEG_Track and GSE

3380/6216: calculated similarity between EEG_Track and IAT

3381/6216: calculated similarity between EEG_Track and ICU_P

3382/6216: calculated similarity between EEG_Track and ICU_SR

3383/6216: calculated similarity between EEG_Track and IUQ_SR

3384/6216: calculated similarity between EEG_Track and IUQ_P

3385/6216: calculated similarity between EEG_Track and KBIT

3386/6216: calculated similarity between EEG_Track and MFQ_P

3387/6216: calculated similarity between EEG_Track and MFQ_SR

3388/6216: calculated similarity between EEG_Track and MRI_Track

3389/6216: calculated similarity between EEG_Track and NIH_Full

3390/6216: calculated similarity between EEG_Track and NIH_Score

3391/6216: calculated similarity between EEG_Track and NLES_P

3392/6216: calculated similarity between EEG_Track and NLES_SR

3393/6216: calculated similarity between EEG_Track and PANAS

3394/6216: calculated similarity between EEG_Track and PAQ_A

3395/6216: calculated similarity between EEG_Track and PBQ

3396/6216: calculated similarity between EEG_Track and PBS

3397/6216: calculated similarity between EEG_Track and PCIAT

3398/6216: calculated similarity between EEG_Track and Peds_Migraine

3399/6216: calculated similarity between EEG_Track and Pegboard

3400/6216: calculated similarity between EEG_Track and PhenX_Neighborhood

3401/6216: calculated similarity between EEG_Track and PhenX_Schoo

3402/6216: calculated similarity between EEG_Track and Physical

3403/6216: calculated similarity between EEG_Track and PMHS

3404/6216: calculated similarity between EEG_Track and PPS

3405/6216: calculated similarity between EEG_Track and PPVT

3406/6216: calculated similarity between EEG_Track and Pregnancy

3407/6216: calculated similarity between EEG_Track and PreInt_Demos_Home

3408/6216: calculated similarity between EEG_Track and PreInt_DevH

3409/6216: calculated similarity between EEG_Track and PreInt_EduH

3410/6216: calculated similarity between EEG_Track and PreInt_FamH

3411/6216: calculated similarity between EEG_Track and PreInt_FamHx_RDC

3412/6216: calculated similarity between EEG_Track and PreInt_Lang

3413/6216: calculated similarity between EEG_Track and PreInt_TxH

3414/6216: calculated similarity between EEG_Track and PSI

3415/6216: calculated similarity between EEG_Track and RBS

3416/6216: calculated similarity between EEG_Track and RemoteTask

3417/6216: calculated similarity between EEG_Track and SAS

3418/6216: calculated similarity between EEG_Track and SCARED_P

3419/6216: calculated similarity between EEG_Track and SCARED_SR

3420/6216: calculated similarity between EEG_Track and SCQ

3421/6216: calculated similarity between EEG_Track and SDQ

3422/6216: calculated similarity between EEG_Track and SDS

3423/6216: calculated similarity between EEG_Track and SRS

3424/6216: calculated similarity between EEG_Track and SRS_Pre

3425/6216: calculated similarity between EEG_Track and STAI

3426/6216: calculated similarity between EEG_Track and SWAN

3427/6216: calculated similarity between EEG_Track and TRF

3428/6216: calculated similarity between EEG_Track and TRF_P

3429/6216: calculated similarity between EEG_Track and Vineland

3430/6216: calculated similarity between EEG_Track and WAIS

3431/6216: calculated similarity between EEG_Track and WAIS_abb

3432/6216: calculated similarity between EEG_Track and WASI

3433/6216: calculated similarity between EEG_Track and WHODAS_P

3434/6216: calculated similarity between EEG_Track and WHODAS_SR

3435/6216: calculated similarity between EEG_Track and WIAT

3436/6216: calculated similarity between EEG_Track and WISC

3437/6216: calculated similarity between EEG_Track and YFAS

3438/6216: calculated similarity between EEG_Track and YFAS_C

3439/6216: calculated similarity between EEG_Track and YSR

3440/6216: calculated similarity between EEG_Track and SympChck

3441/6216: calculated similarity between EHQ and ESPAD

3442/6216: calculated similarity between EHQ and ESWAN

3443/6216: calculated similarity between EHQ and FGA

3444/6216: calculated similarity between EHQ and FGC

3445/6216: calculated similarity between EHQ and Fitness_Aerobic

3446/6216: calculated similarity between EHQ and Fitness_Endurance

3447/6216: calculated similarity between EHQ and FSQ

3448/6216: calculated similarity between EHQ and FTND

3449/6216: calculated similarity between EHQ and FTQA

3450/6216: calculated similarity between EHQ and GARS

3451/6216: calculated similarity between EHQ and GFTA

3452/6216: calculated similarity between EHQ and GRIT

3453/6216: calculated similarity between EHQ and GSE

3454/6216: calculated similarity between EHQ and IAT

3455/6216: calculated similarity between EHQ and ICU_P

3456/6216: calculated similarity between EHQ and ICU_SR

3457/6216: calculated similarity between EHQ and IUQ_SR

3458/6216: calculated similarity between EHQ and IUQ_P

3459/6216: calculated similarity between EHQ and KBIT

3460/6216: calculated similarity between EHQ and MFQ_P

3461/6216: calculated similarity between EHQ and MFQ_SR

3462/6216: calculated similarity between EHQ and MRI_Track

3463/6216: calculated similarity between EHQ and NIH_Full

3464/6216: calculated similarity between EHQ and NIH_Score

3465/6216: calculated similarity between EHQ and NLES_P

3466/6216: calculated similarity between EHQ and NLES_SR

3467/6216: calculated similarity between EHQ and PANAS

3468/6216: calculated similarity between EHQ and PAQ_A

3469/6216: calculated similarity between EHQ and PBQ

3470/6216: calculated similarity between EHQ and PBS

3471/6216: calculated similarity between EHQ and PCIAT

3472/6216: calculated similarity between EHQ and Peds_Migraine

3473/6216: calculated similarity between EHQ and Pegboard

3474/6216: calculated similarity between EHQ and PhenX_Neighborhood

3475/6216: calculated similarity between EHQ and PhenX_Schoo

3476/6216: calculated similarity between EHQ and Physical

3477/6216: calculated similarity between EHQ and PMHS

3478/6216: calculated similarity between EHQ and PPS

3479/6216: calculated similarity between EHQ and PPVT

3480/6216: calculated similarity between EHQ and Pregnancy

3481/6216: calculated similarity between EHQ and PreInt_Demos_Home

3482/6216: calculated similarity between EHQ and PreInt_DevH

3483/6216: calculated similarity between EHQ and PreInt_EduH

3484/6216: calculated similarity between EHQ and PreInt_FamH

3485/6216: calculated similarity between EHQ and PreInt_FamHx_RDC

3486/6216: calculated similarity between EHQ and PreInt_Lang

3487/6216: calculated similarity between EHQ and PreInt_TxH

3488/6216: calculated similarity between EHQ and PSI

3489/6216: calculated similarity between EHQ and RBS

3490/6216: calculated similarity between EHQ and RemoteTask

3491/6216: calculated similarity between EHQ and SAS

3492/6216: calculated similarity between EHQ and SCARED_P

3493/6216: calculated similarity between EHQ and SCARED_SR

3494/6216: calculated similarity between EHQ and SCQ

3495/6216: calculated similarity between EHQ and SDQ

3496/6216: calculated similarity between EHQ and SDS

3497/6216: calculated similarity between EHQ and SRS

3498/6216: calculated similarity between EHQ and SRS_Pre

3499/6216: calculated similarity between EHQ and STAI

3500/6216: calculated similarity between EHQ and SWAN

3501/6216: calculated similarity between EHQ and TRF

3502/6216: calculated similarity between EHQ and TRF_P

3503/6216: calculated similarity between EHQ and Vineland

3504/6216: calculated similarity between EHQ and WAIS

3505/6216: calculated similarity between EHQ and WAIS_abb

3506/6216: calculated similarity between EHQ and WASI

3507/6216: calculated similarity between EHQ and WHODAS_P

3508/6216: calculated similarity between EHQ and WHODAS_SR

3509/6216: calculated similarity between EHQ and WIAT

3510/6216: calculated similarity between EHQ and WISC

3511/6216: calculated similarity between EHQ and YFAS

3512/6216: calculated similarity between EHQ and YFAS_C

3513/6216: calculated similarity between EHQ and YSR

3514/6216: calculated similarity between EHQ and SympChck

3515/6216: calculated similarity between ESPAD and ESWAN

3516/6216: calculated similarity between ESPAD and FGA

3517/6216: calculated similarity between ESPAD and FGC

3518/6216: calculated similarity between ESPAD and Fitness_Aerobic

3519/6216: calculated similarity between ESPAD and Fitness_Endurance

3520/6216: calculated similarity between ESPAD and FSQ

3521/6216: calculated similarity between ESPAD and FTND

3522/6216: calculated similarity between ESPAD and FTQA

3523/6216: calculated similarity between ESPAD and GARS

3524/6216: calculated similarity between ESPAD and GFTA

3525/6216: calculated similarity between ESPAD and GRIT

3526/6216: calculated similarity between ESPAD and GSE

3527/6216: calculated similarity between ESPAD and IAT

3528/6216: calculated similarity between ESPAD and ICU_P

3529/6216: calculated similarity between ESPAD and ICU_SR

3530/6216: calculated similarity between ESPAD and IUQ_SR

3531/6216: calculated similarity between ESPAD and IUQ_P

3532/6216: calculated similarity between ESPAD and KBIT

3533/6216: calculated similarity between ESPAD and MFQ_P

3534/6216: calculated similarity between ESPAD and MFQ_SR

3535/6216: calculated similarity between ESPAD and MRI_Track

3536/6216: calculated similarity between ESPAD and NIH_Full

3537/6216: calculated similarity between ESPAD and NIH_Score

3538/6216: calculated similarity between ESPAD and NLES_P

3539/6216: calculated similarity between ESPAD and NLES_SR

3540/6216: calculated similarity between ESPAD and PANAS

3541/6216: calculated similarity between ESPAD and PAQ_A

3542/6216: calculated similarity between ESPAD and PBQ

3543/6216: calculated similarity between ESPAD and PBS

3544/6216: calculated similarity between ESPAD and PCIAT

3545/6216: calculated similarity between ESPAD and Peds_Migraine

3546/6216: calculated similarity between ESPAD and Pegboard

3547/6216: calculated similarity between ESPAD and PhenX_Neighborhood

3548/6216: calculated similarity between ESPAD and PhenX_Schoo

3549/6216: calculated similarity between ESPAD and Physical

3550/6216: calculated similarity between ESPAD and PMHS

3551/6216: calculated similarity between ESPAD and PPS

3552/6216: calculated similarity between ESPAD and PPVT

3553/6216: calculated similarity between ESPAD and Pregnancy

3554/6216: calculated similarity between ESPAD and PreInt_Demos_Home

3555/6216: calculated similarity between ESPAD and PreInt_DevH

3556/6216: calculated similarity between ESPAD and PreInt_EduH

3557/6216: calculated similarity between ESPAD and PreInt_FamH

3558/6216: calculated similarity between ESPAD and PreInt_FamHx_RDC

3559/6216: calculated similarity between ESPAD and PreInt_Lang

3560/6216: calculated similarity between ESPAD and PreInt_TxH

3561/6216: calculated similarity between ESPAD and PSI

3562/6216: calculated similarity between ESPAD and RBS

3563/6216: calculated similarity between ESPAD and RemoteTask

3564/6216: calculated similarity between ESPAD and SAS

3565/6216: calculated similarity between ESPAD and SCARED_P

3566/6216: calculated similarity between ESPAD and SCARED_SR

3567/6216: calculated similarity between ESPAD and SCQ

3568/6216: calculated similarity between ESPAD and SDQ

3569/6216: calculated similarity between ESPAD and SDS

3570/6216: calculated similarity between ESPAD and SRS

3571/6216: calculated similarity between ESPAD and SRS_Pre

3572/6216: calculated similarity between ESPAD and STAI

3573/6216: calculated similarity between ESPAD and SWAN

3574/6216: calculated similarity between ESPAD and TRF

3575/6216: calculated similarity between ESPAD and TRF_P

3576/6216: calculated similarity between ESPAD and Vineland

3577/6216: calculated similarity between ESPAD and WAIS

3578/6216: calculated similarity between ESPAD and WAIS_abb

3579/6216: calculated similarity between ESPAD and WASI

3580/6216: calculated similarity between ESPAD and WHODAS_P

3581/6216: calculated similarity between ESPAD and WHODAS_SR

3582/6216: calculated similarity between ESPAD and WIAT

3583/6216: calculated similarity between ESPAD and WISC

3584/6216: calculated similarity between ESPAD and YFAS

3585/6216: calculated similarity between ESPAD and YFAS_C

3586/6216: calculated similarity between ESPAD and YSR

3587/6216: calculated similarity between ESPAD and SympChck

3588/6216: calculated similarity between ESWAN and FGA

3589/6216: calculated similarity between ESWAN and FGC

3590/6216: calculated similarity between ESWAN and Fitness_Aerobic

3591/6216: calculated similarity between ESWAN and Fitness_Endurance

3592/6216: calculated similarity between ESWAN and FSQ

3593/6216: calculated similarity between ESWAN and FTND

3594/6216: calculated similarity between ESWAN and FTQA

3595/6216: calculated similarity between ESWAN and GARS

3596/6216: calculated similarity between ESWAN and GFTA

3597/6216: calculated similarity between ESWAN and GRIT

3598/6216: calculated similarity between ESWAN and GSE

3599/6216: calculated similarity between ESWAN and IAT

3600/6216: calculated similarity between ESWAN and ICU_P

3601/6216: calculated similarity between ESWAN and ICU_SR

3602/6216: calculated similarity between ESWAN and IUQ_SR

3603/6216: calculated similarity between ESWAN and IUQ_P

3604/6216: calculated similarity between ESWAN and KBIT

3605/6216: calculated similarity between ESWAN and MFQ_P

3606/6216: calculated similarity between ESWAN and MFQ_SR

3607/6216: calculated similarity between ESWAN and MRI_Track

3608/6216: calculated similarity between ESWAN and NIH_Full

3609/6216: calculated similarity between ESWAN and NIH_Score

3610/6216: calculated similarity between ESWAN and NLES_P

3611/6216: calculated similarity between ESWAN and NLES_SR

3612/6216: calculated similarity between ESWAN and PANAS

3613/6216: calculated similarity between ESWAN and PAQ_A

3614/6216: calculated similarity between ESWAN and PBQ

3615/6216: calculated similarity between ESWAN and PBS

3616/6216: calculated similarity between ESWAN and PCIAT

3617/6216: calculated similarity between ESWAN and Peds_Migraine

3618/6216: calculated similarity between ESWAN and Pegboard

3619/6216: calculated similarity between ESWAN and PhenX_Neighborhood

3620/6216: calculated similarity between ESWAN and PhenX_Schoo

3621/6216: calculated similarity between ESWAN and Physical

3622/6216: calculated similarity between ESWAN and PMHS

3623/6216: calculated similarity between ESWAN and PPS

3624/6216: calculated similarity between ESWAN and PPVT

3625/6216: calculated similarity between ESWAN and Pregnancy

3626/6216: calculated similarity between ESWAN and PreInt_Demos_Home

3627/6216: calculated similarity between ESWAN and PreInt_DevH

3628/6216: calculated similarity between ESWAN and PreInt_EduH

3629/6216: calculated similarity between ESWAN and PreInt_FamH

3630/6216: calculated similarity between ESWAN and PreInt_FamHx_RDC

3631/6216: calculated similarity between ESWAN and PreInt_Lang

3632/6216: calculated similarity between ESWAN and PreInt_TxH

3633/6216: calculated similarity between ESWAN and PSI

3634/6216: calculated similarity between ESWAN and RBS

3635/6216: calculated similarity between ESWAN and RemoteTask

3636/6216: calculated similarity between ESWAN and SAS

3637/6216: calculated similarity between ESWAN and SCARED_P

3638/6216: calculated similarity between ESWAN and SCARED_SR

3639/6216: calculated similarity between ESWAN and SCQ

3640/6216: calculated similarity between ESWAN and SDQ

3641/6216: calculated similarity between ESWAN and SDS

3642/6216: calculated similarity between ESWAN and SRS

3643/6216: calculated similarity between ESWAN and SRS_Pre

3644/6216: calculated similarity between ESWAN and STAI

3645/6216: calculated similarity between ESWAN and SWAN

3646/6216: calculated similarity between ESWAN and TRF

3647/6216: calculated similarity between ESWAN and TRF_P

3648/6216: calculated similarity between ESWAN and Vineland

3649/6216: calculated similarity between ESWAN and WAIS

3650/6216: calculated similarity between ESWAN and WAIS_abb

3651/6216: calculated similarity between ESWAN and WASI

3652/6216: calculated similarity between ESWAN and WHODAS_P

3653/6216: calculated similarity between ESWAN and WHODAS_SR

3654/6216: calculated similarity between ESWAN and WIAT

3655/6216: calculated similarity between ESWAN and WISC

3656/6216: calculated similarity between ESWAN and YFAS

3657/6216: calculated similarity between ESWAN and YFAS_C

3658/6216: calculated similarity between ESWAN and YSR

3659/6216: calculated similarity between ESWAN and SympChck

3660/6216: calculated similarity between FGA and FGC

3661/6216: calculated similarity between FGA and Fitness_Aerobic

3662/6216: calculated similarity between FGA and Fitness_Endurance

3663/6216: calculated similarity between FGA and FSQ

3664/6216: calculated similarity between FGA and FTND

3665/6216: calculated similarity between FGA and FTQA

3666/6216: calculated similarity between FGA and GARS

3667/6216: calculated similarity between FGA and GFTA

3668/6216: calculated similarity between FGA and GRIT

3669/6216: calculated similarity between FGA and GSE

3670/6216: calculated similarity between FGA and IAT

3671/6216: calculated similarity between FGA and ICU_P

3672/6216: calculated similarity between FGA and ICU_SR

3673/6216: calculated similarity between FGA and IUQ_SR

3674/6216: calculated similarity between FGA and IUQ_P

3675/6216: calculated similarity between FGA and KBIT

3676/6216: calculated similarity between FGA and MFQ_P

3677/6216: calculated similarity between FGA and MFQ_SR

3678/6216: calculated similarity between FGA and MRI_Track

3679/6216: calculated similarity between FGA and NIH_Full

3680/6216: calculated similarity between FGA and NIH_Score

3681/6216: calculated similarity between FGA and NLES_P

3682/6216: calculated similarity between FGA and NLES_SR

3683/6216: calculated similarity between FGA and PANAS

3684/6216: calculated similarity between FGA and PAQ_A

3685/6216: calculated similarity between FGA and PBQ

3686/6216: calculated similarity between FGA and PBS

3687/6216: calculated similarity between FGA and PCIAT

3688/6216: calculated similarity between FGA and Peds_Migraine

3689/6216: calculated similarity between FGA and Pegboard

3690/6216: calculated similarity between FGA and PhenX_Neighborhood

3691/6216: calculated similarity between FGA and PhenX_Schoo

3692/6216: calculated similarity between FGA and Physical

3693/6216: calculated similarity between FGA and PMHS

3694/6216: calculated similarity between FGA and PPS

3695/6216: calculated similarity between FGA and PPVT

3696/6216: calculated similarity between FGA and Pregnancy

3697/6216: calculated similarity between FGA and PreInt_Demos_Home

3698/6216: calculated similarity between FGA and PreInt_DevH

3699/6216: calculated similarity between FGA and PreInt_EduH

3700/6216: calculated similarity between FGA and PreInt_FamH

3701/6216: calculated similarity between FGA and PreInt_FamHx_RDC

3702/6216: calculated similarity between FGA and PreInt_Lang

3703/6216: calculated similarity between FGA and PreInt_TxH

3704/6216: calculated similarity between FGA and PSI

3705/6216: calculated similarity between FGA and RBS

3706/6216: calculated similarity between FGA and RemoteTask

3707/6216: calculated similarity between FGA and SAS

3708/6216: calculated similarity between FGA and SCARED_P

3709/6216: calculated similarity between FGA and SCARED_SR

3710/6216: calculated similarity between FGA and SCQ

3711/6216: calculated similarity between FGA and SDQ

3712/6216: calculated similarity between FGA and SDS

3713/6216: calculated similarity between FGA and SRS

3714/6216: calculated similarity between FGA and SRS_Pre

3715/6216: calculated similarity between FGA and STAI

3716/6216: calculated similarity between FGA and SWAN

3717/6216: calculated similarity between FGA and TRF

3718/6216: calculated similarity between FGA and TRF_P

3719/6216: calculated similarity between FGA and Vineland

3720/6216: calculated similarity between FGA and WAIS

3721/6216: calculated similarity between FGA and WAIS_abb

3722/6216: calculated similarity between FGA and WASI

3723/6216: calculated similarity between FGA and WHODAS_P

3724/6216: calculated similarity between FGA and WHODAS_SR

3725/6216: calculated similarity between FGA and WIAT

3726/6216: calculated similarity between FGA and WISC

3727/6216: calculated similarity between FGA and YFAS

3728/6216: calculated similarity between FGA and YFAS_C

3729/6216: calculated similarity between FGA and YSR

3730/6216: calculated similarity between FGA and SympChck

3731/6216: calculated similarity between FGC and Fitness_Aerobic

3732/6216: calculated similarity between FGC and Fitness_Endurance

3733/6216: calculated similarity between FGC and FSQ

3734/6216: calculated similarity between FGC and FTND

3735/6216: calculated similarity between FGC and FTQA

3736/6216: calculated similarity between FGC and GARS

3737/6216: calculated similarity between FGC and GFTA

3738/6216: calculated similarity between FGC and GRIT

3739/6216: calculated similarity between FGC and GSE

3740/6216: calculated similarity between FGC and IAT

3741/6216: calculated similarity between FGC and ICU_P

3742/6216: calculated similarity between FGC and ICU_SR

3743/6216: calculated similarity between FGC and IUQ_SR

3744/6216: calculated similarity between FGC and IUQ_P

3745/6216: calculated similarity between FGC and KBIT

3746/6216: calculated similarity between FGC and MFQ_P

3747/6216: calculated similarity between FGC and MFQ_SR

3748/6216: calculated similarity between FGC and MRI_Track

3749/6216: calculated similarity between FGC and NIH_Full

3750/6216: calculated similarity between FGC and NIH_Score

3751/6216: calculated similarity between FGC and NLES_P

3752/6216: calculated similarity between FGC and NLES_SR

3753/6216: calculated similarity between FGC and PANAS

3754/6216: calculated similarity between FGC and PAQ_A

3755/6216: calculated similarity between FGC and PBQ

3756/6216: calculated similarity between FGC and PBS

3757/6216: calculated similarity between FGC and PCIAT

3758/6216: calculated similarity between FGC and Peds_Migraine

3759/6216: calculated similarity between FGC and Pegboard

3760/6216: calculated similarity between FGC and PhenX_Neighborhood

3761/6216: calculated similarity between FGC and PhenX_Schoo

3762/6216: calculated similarity between FGC and Physical

3763/6216: calculated similarity between FGC and PMHS

3764/6216: calculated similarity between FGC and PPS

3765/6216: calculated similarity between FGC and PPVT

3766/6216: calculated similarity between FGC and Pregnancy

3767/6216: calculated similarity between FGC and PreInt_Demos_Home

3768/6216: calculated similarity between FGC and PreInt_DevH

3769/6216: calculated similarity between FGC and PreInt_EduH

3770/6216: calculated similarity between FGC and PreInt_FamH

3771/6216: calculated similarity between FGC and PreInt_FamHx_RDC

3772/6216: calculated similarity between FGC and PreInt_Lang

3773/6216: calculated similarity between FGC and PreInt_TxH

3774/6216: calculated similarity between FGC and PSI

3775/6216: calculated similarity between FGC and RBS

3776/6216: calculated similarity between FGC and RemoteTask

3777/6216: calculated similarity between FGC and SAS

3778/6216: calculated similarity between FGC and SCARED_P

3779/6216: calculated similarity between FGC and SCARED_SR

3780/6216: calculated similarity between FGC and SCQ

3781/6216: calculated similarity between FGC and SDQ

3782/6216: calculated similarity between FGC and SDS

3783/6216: calculated similarity between FGC and SRS

3784/6216: calculated similarity between FGC and SRS_Pre

3785/6216: calculated similarity between FGC and STAI

3786/6216: calculated similarity between FGC and SWAN

3787/6216: calculated similarity between FGC and TRF

3788/6216: calculated similarity between FGC and TRF_P

3789/6216: calculated similarity between FGC and Vineland

3790/6216: calculated similarity between FGC and WAIS

3791/6216: calculated similarity between FGC and WAIS_abb

3792/6216: calculated similarity between FGC and WASI

3793/6216: calculated similarity between FGC and WHODAS_P

3794/6216: calculated similarity between FGC and WHODAS_SR

3795/6216: calculated similarity between FGC and WIAT

3796/6216: calculated similarity between FGC and WISC

3797/6216: calculated similarity between FGC and YFAS

3798/6216: calculated similarity between FGC and YFAS_C

3799/6216: calculated similarity between FGC and YSR

3800/6216: calculated similarity between FGC and SympChck

3801/6216: calculated similarity between Fitness_Aerobic and Fitness_Endurance

3802/6216: calculated similarity between Fitness_Aerobic and FSQ

3803/6216: calculated similarity between Fitness_Aerobic and FTND

3804/6216: calculated similarity between Fitness_Aerobic and FTQA

3805/6216: calculated similarity between Fitness_Aerobic and GARS

3806/6216: calculated similarity between Fitness_Aerobic and GFTA

3807/6216: calculated similarity between Fitness_Aerobic and GRIT

3808/6216: calculated similarity between Fitness_Aerobic and GSE

3809/6216: calculated similarity between Fitness_Aerobic and IAT

3810/6216: calculated similarity between Fitness_Aerobic and ICU_P

3811/6216: calculated similarity between Fitness_Aerobic and ICU_SR

3812/6216: calculated similarity between Fitness_Aerobic and IUQ_SR

3813/6216: calculated similarity between Fitness_Aerobic and IUQ_P

3814/6216: calculated similarity between Fitness_Aerobic and KBIT

3815/6216: calculated similarity between Fitness_Aerobic and MFQ_P

3816/6216: calculated similarity between Fitness_Aerobic and MFQ_SR

3817/6216: calculated similarity between Fitness_Aerobic and MRI_Track

3818/6216: calculated similarity between Fitness_Aerobic and NIH_Full

3819/6216: calculated similarity between Fitness_Aerobic and NIH_Score

3820/6216: calculated similarity between Fitness_Aerobic and NLES_P

3821/6216: calculated similarity between Fitness_Aerobic and NLES_SR

3822/6216: calculated similarity between Fitness_Aerobic and PANAS

3823/6216: calculated similarity between Fitness_Aerobic and PAQ_A

3824/6216: calculated similarity between Fitness_Aerobic and PBQ

3825/6216: calculated similarity between Fitness_Aerobic and PBS

3826/6216: calculated similarity between Fitness_Aerobic and PCIAT

3827/6216: calculated similarity between Fitness_Aerobic and Peds_Migraine

3828/6216: calculated similarity between Fitness_Aerobic and Pegboard

3829/6216: calculated similarity between Fitness_Aerobic and PhenX_Neighborhood

3830/6216: calculated similarity between Fitness_Aerobic and PhenX_Schoo

3831/6216: calculated similarity between Fitness_Aerobic and Physical

3832/6216: calculated similarity between Fitness_Aerobic and PMHS

3833/6216: calculated similarity between Fitness_Aerobic and PPS

3834/6216: calculated similarity between Fitness_Aerobic and PPVT

3835/6216: calculated similarity between Fitness_Aerobic and Pregnancy

3836/6216: calculated similarity between Fitness_Aerobic and PreInt_Demos_Home

3837/6216: calculated similarity between Fitness_Aerobic and PreInt_DevH

3838/6216: calculated similarity between Fitness_Aerobic and PreInt_EduH

3839/6216: calculated similarity between Fitness_Aerobic and PreInt_FamH

3840/6216: calculated similarity between Fitness_Aerobic and PreInt_FamHx_RDC

3841/6216: calculated similarity between Fitness_Aerobic and PreInt_Lang

3842/6216: calculated similarity between Fitness_Aerobic and PreInt_TxH

3843/6216: calculated similarity between Fitness_Aerobic and PSI

3844/6216: calculated similarity between Fitness_Aerobic and RBS

3845/6216: calculated similarity between Fitness_Aerobic and RemoteTask

3846/6216: calculated similarity between Fitness_Aerobic and SAS

3847/6216: calculated similarity between Fitness_Aerobic and SCARED_P

3848/6216: calculated similarity between Fitness_Aerobic and SCARED_SR

3849/6216: calculated similarity between Fitness_Aerobic and SCQ

3850/6216: calculated similarity between Fitness_Aerobic and SDQ

3851/6216: calculated similarity between Fitness_Aerobic and SDS

3852/6216: calculated similarity between Fitness_Aerobic and SRS

3853/6216: calculated similarity between Fitness_Aerobic and SRS_Pre

3854/6216: calculated similarity between Fitness_Aerobic and STAI

3855/6216: calculated similarity between Fitness_Aerobic and SWAN

3856/6216: calculated similarity between Fitness_Aerobic and TRF

3857/6216: calculated similarity between Fitness_Aerobic and TRF_P

3858/6216: calculated similarity between Fitness_Aerobic and Vineland

3859/6216: calculated similarity between Fitness_Aerobic and WAIS

3860/6216: calculated similarity between Fitness_Aerobic and WAIS_abb

3861/6216: calculated similarity between Fitness_Aerobic and WASI

3862/6216: calculated similarity between Fitness_Aerobic and WHODAS_P

3863/6216: calculated similarity between Fitness_Aerobic and WHODAS_SR

3864/6216: calculated similarity between Fitness_Aerobic and WIAT

3865/6216: calculated similarity between Fitness_Aerobic and WISC

3866/6216: calculated similarity between Fitness_Aerobic and YFAS

3867/6216: calculated similarity between Fitness_Aerobic and YFAS_C

3868/6216: calculated similarity between Fitness_Aerobic and YSR

3869/6216: calculated similarity between Fitness_Aerobic and SympChck

3870/6216: calculated similarity between Fitness_Endurance and FSQ

3871/6216: calculated similarity between Fitness_Endurance and FTND

3872/6216: calculated similarity between Fitness_Endurance and FTQA

3873/6216: calculated similarity between Fitness_Endurance and GARS

3874/6216: calculated similarity between Fitness_Endurance and GFTA

3875/6216: calculated similarity between Fitness_Endurance and GRIT

3876/6216: calculated similarity between Fitness_Endurance and GSE

3877/6216: calculated similarity between Fitness_Endurance and IAT

3878/6216: calculated similarity between Fitness_Endurance and ICU_P

3879/6216: calculated similarity between Fitness_Endurance and ICU_SR

3880/6216: calculated similarity between Fitness_Endurance and IUQ_SR

3881/6216: calculated similarity between Fitness_Endurance and IUQ_P

3882/6216: calculated similarity between Fitness_Endurance and KBIT

3883/6216: calculated similarity between Fitness_Endurance and MFQ_P

3884/6216: calculated similarity between Fitness_Endurance and MFQ_SR

3885/6216: calculated similarity between Fitness_Endurance and MRI_Track

3886/6216: calculated similarity between Fitness_Endurance and NIH_Full

3887/6216: calculated similarity between Fitness_Endurance and NIH_Score

3888/6216: calculated similarity between Fitness_Endurance and NLES_P

3889/6216: calculated similarity between Fitness_Endurance and NLES_SR

3890/6216: calculated similarity between Fitness_Endurance and PANAS

3891/6216: calculated similarity between Fitness_Endurance and PAQ_A

3892/6216: calculated similarity between Fitness_Endurance and PBQ

3893/6216: calculated similarity between Fitness_Endurance and PBS

3894/6216: calculated similarity between Fitness_Endurance and PCIAT

3895/6216: calculated similarity between Fitness_Endurance and Peds_Migraine

3896/6216: calculated similarity between Fitness_Endurance and Pegboard

3897/6216: calculated similarity between Fitness_Endurance and PhenX_Neighborhood

3898/6216: calculated similarity between Fitness_Endurance and PhenX_Schoo

3899/6216: calculated similarity between Fitness_Endurance and Physical

3900/6216: calculated similarity between Fitness_Endurance and PMHS

3901/6216: calculated similarity between Fitness_Endurance and PPS

3902/6216: calculated similarity between Fitness_Endurance and PPVT

3903/6216: calculated similarity between Fitness_Endurance and Pregnancy

3904/6216: calculated similarity between Fitness_Endurance and PreInt_Demos_Home

3905/6216: calculated similarity between Fitness_Endurance and PreInt_DevH

3906/6216: calculated similarity between Fitness_Endurance and PreInt_EduH

3907/6216: calculated similarity between Fitness_Endurance and PreInt_FamH

3908/6216: calculated similarity between Fitness_Endurance and PreInt_FamHx_RDC

3909/6216: calculated similarity between Fitness_Endurance and PreInt_Lang

3910/6216: calculated similarity between Fitness_Endurance and PreInt_TxH

3911/6216: calculated similarity between Fitness_Endurance and PSI

3912/6216: calculated similarity between Fitness_Endurance and RBS

3913/6216: calculated similarity between Fitness_Endurance and RemoteTask

3914/6216: calculated similarity between Fitness_Endurance and SAS

3915/6216: calculated similarity between Fitness_Endurance and SCARED_P

3916/6216: calculated similarity between Fitness_Endurance and SCARED_SR

3917/6216: calculated similarity between Fitness_Endurance and SCQ

3918/6216: calculated similarity between Fitness_Endurance and SDQ

3919/6216: calculated similarity between Fitness_Endurance and SDS

3920/6216: calculated similarity between Fitness_Endurance and SRS

3921/6216: calculated similarity between Fitness_Endurance and SRS_Pre

3922/6216: calculated similarity between Fitness_Endurance and STAI

3923/6216: calculated similarity between Fitness_Endurance and SWAN

3924/6216: calculated similarity between Fitness_Endurance and TRF

3925/6216: calculated similarity between Fitness_Endurance and TRF_P

3926/6216: calculated similarity between Fitness_Endurance and Vineland

3927/6216: calculated similarity between Fitness_Endurance and WAIS

3928/6216: calculated similarity between Fitness_Endurance and WAIS_abb

3929/6216: calculated similarity between Fitness_Endurance and WASI

3930/6216: calculated similarity between Fitness_Endurance and WHODAS_P

3931/6216: calculated similarity between Fitness_Endurance and WHODAS_SR

3932/6216: calculated similarity between Fitness_Endurance and WIAT

3933/6216: calculated similarity between Fitness_Endurance and WISC

3934/6216: calculated similarity between Fitness_Endurance and YFAS

3935/6216: calculated similarity between Fitness_Endurance and YFAS_C

3936/6216: calculated similarity between Fitness_Endurance and YSR

3937/6216: calculated similarity between Fitness_Endurance and SympChck

3938/6216: calculated similarity between FSQ and FTND

3939/6216: calculated similarity between FSQ and FTQA

3940/6216: calculated similarity between FSQ and GARS

3941/6216: calculated similarity between FSQ and GFTA

3942/6216: calculated similarity between FSQ and GRIT

3943/6216: calculated similarity between FSQ and GSE

3944/6216: calculated similarity between FSQ and IAT

3945/6216: calculated similarity between FSQ and ICU_P

3946/6216: calculated similarity between FSQ and ICU_SR

3947/6216: calculated similarity between FSQ and IUQ_SR

3948/6216: calculated similarity between FSQ and IUQ_P

3949/6216: calculated similarity between FSQ and KBIT

3950/6216: calculated similarity between FSQ and MFQ_P

3951/6216: calculated similarity between FSQ and MFQ_SR

3952/6216: calculated similarity between FSQ and MRI_Track

3953/6216: calculated similarity between FSQ and NIH_Full

3954/6216: calculated similarity between FSQ and NIH_Score

3955/6216: calculated similarity between FSQ and NLES_P

3956/6216: calculated similarity between FSQ and NLES_SR

3957/6216: calculated similarity between FSQ and PANAS

3958/6216: calculated similarity between FSQ and PAQ_A

3959/6216: calculated similarity between FSQ and PBQ

3960/6216: calculated similarity between FSQ and PBS

3961/6216: calculated similarity between FSQ and PCIAT

3962/6216: calculated similarity between FSQ and Peds_Migraine

3963/6216: calculated similarity between FSQ and Pegboard

3964/6216: calculated similarity between FSQ and PhenX_Neighborhood

3965/6216: calculated similarity between FSQ and PhenX_Schoo

3966/6216: calculated similarity between FSQ and Physical

3967/6216: calculated similarity between FSQ and PMHS

3968/6216: calculated similarity between FSQ and PPS

3969/6216: calculated similarity between FSQ and PPVT

3970/6216: calculated similarity between FSQ and Pregnancy

3971/6216: calculated similarity between FSQ and PreInt_Demos_Home

3972/6216: calculated similarity between FSQ and PreInt_DevH

3973/6216: calculated similarity between FSQ and PreInt_EduH

3974/6216: calculated similarity between FSQ and PreInt_FamH

3975/6216: calculated similarity between FSQ and PreInt_FamHx_RDC

3976/6216: calculated similarity between FSQ and PreInt_Lang

3977/6216: calculated similarity between FSQ and PreInt_TxH

3978/6216: calculated similarity between FSQ and PSI

3979/6216: calculated similarity between FSQ and RBS

3980/6216: calculated similarity between FSQ and RemoteTask

3981/6216: calculated similarity between FSQ and SAS

3982/6216: calculated similarity between FSQ and SCARED_P

3983/6216: calculated similarity between FSQ and SCARED_SR

3984/6216: calculated similarity between FSQ and SCQ

3985/6216: calculated similarity between FSQ and SDQ

3986/6216: calculated similarity between FSQ and SDS

3987/6216: calculated similarity between FSQ and SRS

3988/6216: calculated similarity between FSQ and SRS_Pre

3989/6216: calculated similarity between FSQ and STAI

3990/6216: calculated similarity between FSQ and SWAN

3991/6216: calculated similarity between FSQ and TRF

3992/6216: calculated similarity between FSQ and TRF_P

3993/6216: calculated similarity between FSQ and Vineland

3994/6216: calculated similarity between FSQ and WAIS

3995/6216: calculated similarity between FSQ and WAIS_abb

3996/6216: calculated similarity between FSQ and WASI

3997/6216: calculated similarity between FSQ and WHODAS_P

3998/6216: calculated similarity between FSQ and WHODAS_SR

3999/6216: calculated similarity between FSQ and WIAT

4000/6216: calculated similarity between FSQ and WISC

4001/6216: calculated similarity between FSQ and YFAS

4002/6216: calculated similarity between FSQ and YFAS_C

4003/6216: calculated similarity between FSQ and YSR

4004/6216: calculated similarity between FSQ and SympChck

4005/6216: calculated similarity between FTND and FTQA

4006/6216: calculated similarity between FTND and GARS

4007/6216: calculated similarity between FTND and GFTA

4008/6216: calculated similarity between FTND and GRIT

4009/6216: calculated similarity between FTND and GSE

4010/6216: calculated similarity between FTND and IAT

4011/6216: calculated similarity between FTND and ICU_P

4012/6216: calculated similarity between FTND and ICU_SR

4013/6216: calculated similarity between FTND and IUQ_SR

4014/6216: calculated similarity between FTND and IUQ_P

4015/6216: calculated similarity between FTND and KBIT

4016/6216: calculated similarity between FTND and MFQ_P

4017/6216: calculated similarity between FTND and MFQ_SR

4018/6216: calculated similarity between FTND and MRI_Track

4019/6216: calculated similarity between FTND and NIH_Full

4020/6216: calculated similarity between FTND and NIH_Score

4021/6216: calculated similarity between FTND and NLES_P

4022/6216: calculated similarity between FTND and NLES_SR

4023/6216: calculated similarity between FTND and PANAS

4024/6216: calculated similarity between FTND and PAQ_A

4025/6216: calculated similarity between FTND and PBQ

4026/6216: calculated similarity between FTND and PBS

4027/6216: calculated similarity between FTND and PCIAT

4028/6216: calculated similarity between FTND and Peds_Migraine

4029/6216: calculated similarity between FTND and Pegboard

4030/6216: calculated similarity between FTND and PhenX_Neighborhood

4031/6216: calculated similarity between FTND and PhenX_Schoo

4032/6216: calculated similarity between FTND and Physical

4033/6216: calculated similarity between FTND and PMHS

4034/6216: calculated similarity between FTND and PPS

4035/6216: calculated similarity between FTND and PPVT

4036/6216: calculated similarity between FTND and Pregnancy

4037/6216: calculated similarity between FTND and PreInt_Demos_Home

4038/6216: calculated similarity between FTND and PreInt_DevH

4039/6216: calculated similarity between FTND and PreInt_EduH

4040/6216: calculated similarity between FTND and PreInt_FamH

4041/6216: calculated similarity between FTND and PreInt_FamHx_RDC

4042/6216: calculated similarity between FTND and PreInt_Lang

4043/6216: calculated similarity between FTND and PreInt_TxH

4044/6216: calculated similarity between FTND and PSI

4045/6216: calculated similarity between FTND and RBS

4046/6216: calculated similarity between FTND and RemoteTask

4047/6216: calculated similarity between FTND and SAS

4048/6216: calculated similarity between FTND and SCARED_P

4049/6216: calculated similarity between FTND and SCARED_SR

4050/6216: calculated similarity between FTND and SCQ

4051/6216: calculated similarity between FTND and SDQ

4052/6216: calculated similarity between FTND and SDS

4053/6216: calculated similarity between FTND and SRS

4054/6216: calculated similarity between FTND and SRS_Pre

4055/6216: calculated similarity between FTND and STAI

4056/6216: calculated similarity between FTND and SWAN

4057/6216: calculated similarity between FTND and TRF

4058/6216: calculated similarity between FTND and TRF_P

4059/6216: calculated similarity between FTND and Vineland

4060/6216: calculated similarity between FTND and WAIS

4061/6216: calculated similarity between FTND and WAIS_abb

4062/6216: calculated similarity between FTND and WASI

4063/6216: calculated similarity between FTND and WHODAS_P

4064/6216: calculated similarity between FTND and WHODAS_SR

4065/6216: calculated similarity between FTND and WIAT

4066/6216: calculated similarity between FTND and WISC

4067/6216: calculated similarity between FTND and YFAS

4068/6216: calculated similarity between FTND and YFAS_C

4069/6216: calculated similarity between FTND and YSR

4070/6216: calculated similarity between FTND and SympChck

4071/6216: calculated similarity between FTQA and GARS

4072/6216: calculated similarity between FTQA and GFTA

4073/6216: calculated similarity between FTQA and GRIT

4074/6216: calculated similarity between FTQA and GSE

4075/6216: calculated similarity between FTQA and IAT

4076/6216: calculated similarity between FTQA and ICU_P

4077/6216: calculated similarity between FTQA and ICU_SR

4078/6216: calculated similarity between FTQA and IUQ_SR

4079/6216: calculated similarity between FTQA and IUQ_P

4080/6216: calculated similarity between FTQA and KBIT

4081/6216: calculated similarity between FTQA and MFQ_P

4082/6216: calculated similarity between FTQA and MFQ_SR

4083/6216: calculated similarity between FTQA and MRI_Track

4084/6216: calculated similarity between FTQA and NIH_Full

4085/6216: calculated similarity between FTQA and NIH_Score

4086/6216: calculated similarity between FTQA and NLES_P

4087/6216: calculated similarity between FTQA and NLES_SR

4088/6216: calculated similarity between FTQA and PANAS

4089/6216: calculated similarity between FTQA and PAQ_A

4090/6216: calculated similarity between FTQA and PBQ

4091/6216: calculated similarity between FTQA and PBS

4092/6216: calculated similarity between FTQA and PCIAT

4093/6216: calculated similarity between FTQA and Peds_Migraine

4094/6216: calculated similarity between FTQA and Pegboard

4095/6216: calculated similarity between FTQA and PhenX_Neighborhood

4096/6216: calculated similarity between FTQA and PhenX_Schoo

4097/6216: calculated similarity between FTQA and Physical

4098/6216: calculated similarity between FTQA and PMHS

4099/6216: calculated similarity between FTQA and PPS

4100/6216: calculated similarity between FTQA and PPVT

4101/6216: calculated similarity between FTQA and Pregnancy

4102/6216: calculated similarity between FTQA and PreInt_Demos_Home

4103/6216: calculated similarity between FTQA and PreInt_DevH

4104/6216: calculated similarity between FTQA and PreInt_EduH

4105/6216: calculated similarity between FTQA and PreInt_FamH

4106/6216: calculated similarity between FTQA and PreInt_FamHx_RDC

4107/6216: calculated similarity between FTQA and PreInt_Lang

4108/6216: calculated similarity between FTQA and PreInt_TxH

4109/6216: calculated similarity between FTQA and PSI

4110/6216: calculated similarity between FTQA and RBS

4111/6216: calculated similarity between FTQA and RemoteTask

4112/6216: calculated similarity between FTQA and SAS

4113/6216: calculated similarity between FTQA and SCARED_P

4114/6216: calculated similarity between FTQA and SCARED_SR

4115/6216: calculated similarity between FTQA and SCQ

4116/6216: calculated similarity between FTQA and SDQ

4117/6216: calculated similarity between FTQA and SDS

4118/6216: calculated similarity between FTQA and SRS

4119/6216: calculated similarity between FTQA and SRS_Pre

4120/6216: calculated similarity between FTQA and STAI

4121/6216: calculated similarity between FTQA and SWAN

4122/6216: calculated similarity between FTQA and TRF

4123/6216: calculated similarity between FTQA and TRF_P

4124/6216: calculated similarity between FTQA and Vineland

4125/6216: calculated similarity between FTQA and WAIS

4126/6216: calculated similarity between FTQA and WAIS_abb

4127/6216: calculated similarity between FTQA and WASI

4128/6216: calculated similarity between FTQA and WHODAS_P

4129/6216: calculated similarity between FTQA and WHODAS_SR

4130/6216: calculated similarity between FTQA and WIAT

4131/6216: calculated similarity between FTQA and WISC

4132/6216: calculated similarity between FTQA and YFAS

4133/6216: calculated similarity between FTQA and YFAS_C

4134/6216: calculated similarity between FTQA and YSR

4135/6216: calculated similarity between FTQA and SympChck

4136/6216: calculated similarity between GARS and GFTA

4137/6216: calculated similarity between GARS and GRIT

4138/6216: calculated similarity between GARS and GSE

4139/6216: calculated similarity between GARS and IAT

4140/6216: calculated similarity between GARS and ICU_P

4141/6216: calculated similarity between GARS and ICU_SR

4142/6216: calculated similarity between GARS and IUQ_SR

4143/6216: calculated similarity between GARS and IUQ_P

4144/6216: calculated similarity between GARS and KBIT

4145/6216: calculated similarity between GARS and MFQ_P

4146/6216: calculated similarity between GARS and MFQ_SR

4147/6216: calculated similarity between GARS and MRI_Track

4148/6216: calculated similarity between GARS and NIH_Full

4149/6216: calculated similarity between GARS and NIH_Score

4150/6216: calculated similarity between GARS and NLES_P

4151/6216: calculated similarity between GARS and NLES_SR

4152/6216: calculated similarity between GARS and PANAS

4153/6216: calculated similarity between GARS and PAQ_A

4154/6216: calculated similarity between GARS and PBQ

4155/6216: calculated similarity between GARS and PBS

4156/6216: calculated similarity between GARS and PCIAT

4157/6216: calculated similarity between GARS and Peds_Migraine

4158/6216: calculated similarity between GARS and Pegboard

4159/6216: calculated similarity between GARS and PhenX_Neighborhood

4160/6216: calculated similarity between GARS and PhenX_Schoo

4161/6216: calculated similarity between GARS and Physical

4162/6216: calculated similarity between GARS and PMHS

4163/6216: calculated similarity between GARS and PPS

4164/6216: calculated similarity between GARS and PPVT

4165/6216: calculated similarity between GARS and Pregnancy

4166/6216: calculated similarity between GARS and PreInt_Demos_Home

4167/6216: calculated similarity between GARS and PreInt_DevH

4168/6216: calculated similarity between GARS and PreInt_EduH

4169/6216: calculated similarity between GARS and PreInt_FamH

4170/6216: calculated similarity between GARS and PreInt_FamHx_RDC

4171/6216: calculated similarity between GARS and PreInt_Lang

4172/6216: calculated similarity between GARS and PreInt_TxH

4173/6216: calculated similarity between GARS and PSI

4174/6216: calculated similarity between GARS and RBS

4175/6216: calculated similarity between GARS and RemoteTask

4176/6216: calculated similarity between GARS and SAS

4177/6216: calculated similarity between GARS and SCARED_P

4178/6216: calculated similarity between GARS and SCARED_SR

4179/6216: calculated similarity between GARS and SCQ

4180/6216: calculated similarity between GARS and SDQ

4181/6216: calculated similarity between GARS and SDS

4182/6216: calculated similarity between GARS and SRS

4183/6216: calculated similarity between GARS and SRS_Pre

4184/6216: calculated similarity between GARS and STAI

4185/6216: calculated similarity between GARS and SWAN

4186/6216: calculated similarity between GARS and TRF

4187/6216: calculated similarity between GARS and TRF_P

4188/6216: calculated similarity between GARS and Vineland

4189/6216: calculated similarity between GARS and WAIS

4190/6216: calculated similarity between GARS and WAIS_abb

4191/6216: calculated similarity between GARS and WASI

4192/6216: calculated similarity between GARS and WHODAS_P

4193/6216: calculated similarity between GARS and WHODAS_SR

4194/6216: calculated similarity between GARS and WIAT

4195/6216: calculated similarity between GARS and WISC

4196/6216: calculated similarity between GARS and YFAS

4197/6216: calculated similarity between GARS and YFAS_C

4198/6216: calculated similarity between GARS and YSR

4199/6216: calculated similarity between GARS and SympChck

4200/6216: calculated similarity between GFTA and GRIT

4201/6216: calculated similarity between GFTA and GSE

4202/6216: calculated similarity between GFTA and IAT

4203/6216: calculated similarity between GFTA and ICU_P

4204/6216: calculated similarity between GFTA and ICU_SR

4205/6216: calculated similarity between GFTA and IUQ_SR

4206/6216: calculated similarity between GFTA and IUQ_P

4207/6216: calculated similarity between GFTA and KBIT

4208/6216: calculated similarity between GFTA and MFQ_P

4209/6216: calculated similarity between GFTA and MFQ_SR

4210/6216: calculated similarity between GFTA and MRI_Track

4211/6216: calculated similarity between GFTA and NIH_Full

4212/6216: calculated similarity between GFTA and NIH_Score

4213/6216: calculated similarity between GFTA and NLES_P

4214/6216: calculated similarity between GFTA and NLES_SR

4215/6216: calculated similarity between GFTA and PANAS

4216/6216: calculated similarity between GFTA and PAQ_A

4217/6216: calculated similarity between GFTA and PBQ

4218/6216: calculated similarity between GFTA and PBS

4219/6216: calculated similarity between GFTA and PCIAT

4220/6216: calculated similarity between GFTA and Peds_Migraine

4221/6216: calculated similarity between GFTA and Pegboard

4222/6216: calculated similarity between GFTA and PhenX_Neighborhood

4223/6216: calculated similarity between GFTA and PhenX_Schoo

4224/6216: calculated similarity between GFTA and Physical

4225/6216: calculated similarity between GFTA and PMHS

4226/6216: calculated similarity between GFTA and PPS

4227/6216: calculated similarity between GFTA and PPVT

4228/6216: calculated similarity between GFTA and Pregnancy

4229/6216: calculated similarity between GFTA and PreInt_Demos_Home

4230/6216: calculated similarity between GFTA and PreInt_DevH

4231/6216: calculated similarity between GFTA and PreInt_EduH

4232/6216: calculated similarity between GFTA and PreInt_FamH

4233/6216: calculated similarity between GFTA and PreInt_FamHx_RDC

4234/6216: calculated similarity between GFTA and PreInt_Lang

4235/6216: calculated similarity between GFTA and PreInt_TxH

4236/6216: calculated similarity between GFTA and PSI

4237/6216: calculated similarity between GFTA and RBS

4238/6216: calculated similarity between GFTA and RemoteTask

4239/6216: calculated similarity between GFTA and SAS

4240/6216: calculated similarity between GFTA and SCARED_P

4241/6216: calculated similarity between GFTA and SCARED_SR

4242/6216: calculated similarity between GFTA and SCQ

4243/6216: calculated similarity between GFTA and SDQ

4244/6216: calculated similarity between GFTA and SDS

4245/6216: calculated similarity between GFTA and SRS

4246/6216: calculated similarity between GFTA and SRS_Pre

4247/6216: calculated similarity between GFTA and STAI

4248/6216: calculated similarity between GFTA and SWAN

4249/6216: calculated similarity between GFTA and TRF

4250/6216: calculated similarity between GFTA and TRF_P

4251/6216: calculated similarity between GFTA and Vineland

4252/6216: calculated similarity between GFTA and WAIS

4253/6216: calculated similarity between GFTA and WAIS_abb

4254/6216: calculated similarity between GFTA and WASI

4255/6216: calculated similarity between GFTA and WHODAS_P

4256/6216: calculated similarity between GFTA and WHODAS_SR

4257/6216: calculated similarity between GFTA and WIAT

4258/6216: calculated similarity between GFTA and WISC

4259/6216: calculated similarity between GFTA and YFAS

4260/6216: calculated similarity between GFTA and YFAS_C

4261/6216: calculated similarity between GFTA and YSR

4262/6216: calculated similarity between GFTA and SympChck

4263/6216: calculated similarity between GRIT and GSE

4264/6216: calculated similarity between GRIT and IAT

4265/6216: calculated similarity between GRIT and ICU_P

4266/6216: calculated similarity between GRIT and ICU_SR

4267/6216: calculated similarity between GRIT and IUQ_SR

4268/6216: calculated similarity between GRIT and IUQ_P

4269/6216: calculated similarity between GRIT and KBIT

4270/6216: calculated similarity between GRIT and MFQ_P

4271/6216: calculated similarity between GRIT and MFQ_SR

4272/6216: calculated similarity between GRIT and MRI_Track

4273/6216: calculated similarity between GRIT and NIH_Full

4274/6216: calculated similarity between GRIT and NIH_Score

4275/6216: calculated similarity between GRIT and NLES_P

4276/6216: calculated similarity between GRIT and NLES_SR

4277/6216: calculated similarity between GRIT and PANAS

4278/6216: calculated similarity between GRIT and PAQ_A

4279/6216: calculated similarity between GRIT and PBQ

4280/6216: calculated similarity between GRIT and PBS

4281/6216: calculated similarity between GRIT and PCIAT

4282/6216: calculated similarity between GRIT and Peds_Migraine

4283/6216: calculated similarity between GRIT and Pegboard

4284/6216: calculated similarity between GRIT and PhenX_Neighborhood

4285/6216: calculated similarity between GRIT and PhenX_Schoo

4286/6216: calculated similarity between GRIT and Physical

4287/6216: calculated similarity between GRIT and PMHS

4288/6216: calculated similarity between GRIT and PPS

4289/6216: calculated similarity between GRIT and PPVT

4290/6216: calculated similarity between GRIT and Pregnancy

4291/6216: calculated similarity between GRIT and PreInt_Demos_Home

4292/6216: calculated similarity between GRIT and PreInt_DevH

4293/6216: calculated similarity between GRIT and PreInt_EduH

4294/6216: calculated similarity between GRIT and PreInt_FamH

4295/6216: calculated similarity between GRIT and PreInt_FamHx_RDC

4296/6216: calculated similarity between GRIT and PreInt_Lang

4297/6216: calculated similarity between GRIT and PreInt_TxH

4298/6216: calculated similarity between GRIT and PSI

4299/6216: calculated similarity between GRIT and RBS

4300/6216: calculated similarity between GRIT and RemoteTask

4301/6216: calculated similarity between GRIT and SAS

4302/6216: calculated similarity between GRIT and SCARED_P

4303/6216: calculated similarity between GRIT and SCARED_SR

4304/6216: calculated similarity between GRIT and SCQ

4305/6216: calculated similarity between GRIT and SDQ

4306/6216: calculated similarity between GRIT and SDS

4307/6216: calculated similarity between GRIT and SRS

4308/6216: calculated similarity between GRIT and SRS_Pre

4309/6216: calculated similarity between GRIT and STAI

4310/6216: calculated similarity between GRIT and SWAN

4311/6216: calculated similarity between GRIT and TRF

4312/6216: calculated similarity between GRIT and TRF_P

4313/6216: calculated similarity between GRIT and Vineland

4314/6216: calculated similarity between GRIT and WAIS

4315/6216: calculated similarity between GRIT and WAIS_abb

4316/6216: calculated similarity between GRIT and WASI

4317/6216: calculated similarity between GRIT and WHODAS_P

4318/6216: calculated similarity between GRIT and WHODAS_SR

4319/6216: calculated similarity between GRIT and WIAT

4320/6216: calculated similarity between GRIT and WISC

4321/6216: calculated similarity between GRIT and YFAS

4322/6216: calculated similarity between GRIT and YFAS_C

4323/6216: calculated similarity between GRIT and YSR

4324/6216: calculated similarity between GRIT and SympChck

4325/6216: calculated similarity between GSE and IAT

4326/6216: calculated similarity between GSE and ICU_P

4327/6216: calculated similarity between GSE and ICU_SR

4328/6216: calculated similarity between GSE and IUQ_SR

4329/6216: calculated similarity between GSE and IUQ_P

4330/6216: calculated similarity between GSE and KBIT

4331/6216: calculated similarity between GSE and MFQ_P

4332/6216: calculated similarity between GSE and MFQ_SR

4333/6216: calculated similarity between GSE and MRI_Track

4334/6216: calculated similarity between GSE and NIH_Full

4335/6216: calculated similarity between GSE and NIH_Score

4336/6216: calculated similarity between GSE and NLES_P

4337/6216: calculated similarity between GSE and NLES_SR

4338/6216: calculated similarity between GSE and PANAS

4339/6216: calculated similarity between GSE and PAQ_A

4340/6216: calculated similarity between GSE and PBQ

4341/6216: calculated similarity between GSE and PBS

4342/6216: calculated similarity between GSE and PCIAT

4343/6216: calculated similarity between GSE and Peds_Migraine

4344/6216: calculated similarity between GSE and Pegboard

4345/6216: calculated similarity between GSE and PhenX_Neighborhood

4346/6216: calculated similarity between GSE and PhenX_Schoo

4347/6216: calculated similarity between GSE and Physical

4348/6216: calculated similarity between GSE and PMHS

4349/6216: calculated similarity between GSE and PPS

4350/6216: calculated similarity between GSE and PPVT

4351/6216: calculated similarity between GSE and Pregnancy

4352/6216: calculated similarity between GSE and PreInt_Demos_Home

4353/6216: calculated similarity between GSE and PreInt_DevH

4354/6216: calculated similarity between GSE and PreInt_EduH

4355/6216: calculated similarity between GSE and PreInt_FamH

4356/6216: calculated similarity between GSE and PreInt_FamHx_RDC

4357/6216: calculated similarity between GSE and PreInt_Lang

4358/6216: calculated similarity between GSE and PreInt_TxH

4359/6216: calculated similarity between GSE and PSI

4360/6216: calculated similarity between GSE and RBS

4361/6216: calculated similarity between GSE and RemoteTask

4362/6216: calculated similarity between GSE and SAS

4363/6216: calculated similarity between GSE and SCARED_P

4364/6216: calculated similarity between GSE and SCARED_SR

4365/6216: calculated similarity between GSE and SCQ

4366/6216: calculated similarity between GSE and SDQ

4367/6216: calculated similarity between GSE and SDS

4368/6216: calculated similarity between GSE and SRS

4369/6216: calculated similarity between GSE and SRS_Pre

4370/6216: calculated similarity between GSE and STAI

4371/6216: calculated similarity between GSE and SWAN

4372/6216: calculated similarity between GSE and TRF

4373/6216: calculated similarity between GSE and TRF_P

4374/6216: calculated similarity between GSE and Vineland

4375/6216: calculated similarity between GSE and WAIS

4376/6216: calculated similarity between GSE and WAIS_abb

4377/6216: calculated similarity between GSE and WASI

4378/6216: calculated similarity between GSE and WHODAS_P

4379/6216: calculated similarity between GSE and WHODAS_SR

4380/6216: calculated similarity between GSE and WIAT

4381/6216: calculated similarity between GSE and WISC

4382/6216: calculated similarity between GSE and YFAS

4383/6216: calculated similarity between GSE and YFAS_C

4384/6216: calculated similarity between GSE and YSR

4385/6216: calculated similarity between GSE and SympChck

4386/6216: calculated similarity between IAT and ICU_P

4387/6216: calculated similarity between IAT and ICU_SR

4388/6216: calculated similarity between IAT and IUQ_SR

4389/6216: calculated similarity between IAT and IUQ_P

4390/6216: calculated similarity between IAT and KBIT

4391/6216: calculated similarity between IAT and MFQ_P

4392/6216: calculated similarity between IAT and MFQ_SR

4393/6216: calculated similarity between IAT and MRI_Track

4394/6216: calculated similarity between IAT and NIH_Full

4395/6216: calculated similarity between IAT and NIH_Score

4396/6216: calculated similarity between IAT and NLES_P

4397/6216: calculated similarity between IAT and NLES_SR

4398/6216: calculated similarity between IAT and PANAS

4399/6216: calculated similarity between IAT and PAQ_A

4400/6216: calculated similarity between IAT and PBQ

4401/6216: calculated similarity between IAT and PBS

4402/6216: calculated similarity between IAT and PCIAT

4403/6216: calculated similarity between IAT and Peds_Migraine

4404/6216: calculated similarity between IAT and Pegboard

4405/6216: calculated similarity between IAT and PhenX_Neighborhood

4406/6216: calculated similarity between IAT and PhenX_Schoo

4407/6216: calculated similarity between IAT and Physical

4408/6216: calculated similarity between IAT and PMHS

4409/6216: calculated similarity between IAT and PPS

4410/6216: calculated similarity between IAT and PPVT

4411/6216: calculated similarity between IAT and Pregnancy

4412/6216: calculated similarity between IAT and PreInt_Demos_Home

4413/6216: calculated similarity between IAT and PreInt_DevH

4414/6216: calculated similarity between IAT and PreInt_EduH

4415/6216: calculated similarity between IAT and PreInt_FamH

4416/6216: calculated similarity between IAT and PreInt_FamHx_RDC

4417/6216: calculated similarity between IAT and PreInt_Lang

4418/6216: calculated similarity between IAT and PreInt_TxH

4419/6216: calculated similarity between IAT and PSI

4420/6216: calculated similarity between IAT and RBS

4421/6216: calculated similarity between IAT and RemoteTask

4422/6216: calculated similarity between IAT and SAS

4423/6216: calculated similarity between IAT and SCARED_P

4424/6216: calculated similarity between IAT and SCARED_SR

4425/6216: calculated similarity between IAT and SCQ

4426/6216: calculated similarity between IAT and SDQ

4427/6216: calculated similarity between IAT and SDS

4428/6216: calculated similarity between IAT and SRS

4429/6216: calculated similarity between IAT and SRS_Pre

4430/6216: calculated similarity between IAT and STAI

4431/6216: calculated similarity between IAT and SWAN

4432/6216: calculated similarity between IAT and TRF

4433/6216: calculated similarity between IAT and TRF_P

4434/6216: calculated similarity between IAT and Vineland

4435/6216: calculated similarity between IAT and WAIS

4436/6216: calculated similarity between IAT and WAIS_abb

4437/6216: calculated similarity between IAT and WASI

4438/6216: calculated similarity between IAT and WHODAS_P

4439/6216: calculated similarity between IAT and WHODAS_SR

4440/6216: calculated similarity between IAT and WIAT

4441/6216: calculated similarity between IAT and WISC

4442/6216: calculated similarity between IAT and YFAS

4443/6216: calculated similarity between IAT and YFAS_C

4444/6216: calculated similarity between IAT and YSR

4445/6216: calculated similarity between IAT and SympChck

4446/6216: calculated similarity between ICU_P and ICU_SR

4447/6216: calculated similarity between ICU_P and IUQ_SR

4448/6216: calculated similarity between ICU_P and IUQ_P

4449/6216: calculated similarity between ICU_P and KBIT

4450/6216: calculated similarity between ICU_P and MFQ_P

4451/6216: calculated similarity between ICU_P and MFQ_SR

4452/6216: calculated similarity between ICU_P and MRI_Track

4453/6216: calculated similarity between ICU_P and NIH_Full

4454/6216: calculated similarity between ICU_P and NIH_Score

4455/6216: calculated similarity between ICU_P and NLES_P

4456/6216: calculated similarity between ICU_P and NLES_SR

4457/6216: calculated similarity between ICU_P and PANAS

4458/6216: calculated similarity between ICU_P and PAQ_A

4459/6216: calculated similarity between ICU_P and PBQ

4460/6216: calculated similarity between ICU_P and PBS

4461/6216: calculated similarity between ICU_P and PCIAT

4462/6216: calculated similarity between ICU_P and Peds_Migraine

4463/6216: calculated similarity between ICU_P and Pegboard

4464/6216: calculated similarity between ICU_P and PhenX_Neighborhood

4465/6216: calculated similarity between ICU_P and PhenX_Schoo

4466/6216: calculated similarity between ICU_P and Physical

4467/6216: calculated similarity between ICU_P and PMHS

4468/6216: calculated similarity between ICU_P and PPS

4469/6216: calculated similarity between ICU_P and PPVT

4470/6216: calculated similarity between ICU_P and Pregnancy

4471/6216: calculated similarity between ICU_P and PreInt_Demos_Home

4472/6216: calculated similarity between ICU_P and PreInt_DevH

4473/6216: calculated similarity between ICU_P and PreInt_EduH

4474/6216: calculated similarity between ICU_P and PreInt_FamH

4475/6216: calculated similarity between ICU_P and PreInt_FamHx_RDC

4476/6216: calculated similarity between ICU_P and PreInt_Lang

4477/6216: calculated similarity between ICU_P and PreInt_TxH

4478/6216: calculated similarity between ICU_P and PSI

4479/6216: calculated similarity between ICU_P and RBS

4480/6216: calculated similarity between ICU_P and RemoteTask

4481/6216: calculated similarity between ICU_P and SAS

4482/6216: calculated similarity between ICU_P and SCARED_P

4483/6216: calculated similarity between ICU_P and SCARED_SR

4484/6216: calculated similarity between ICU_P and SCQ

4485/6216: calculated similarity between ICU_P and SDQ

4486/6216: calculated similarity between ICU_P and SDS

4487/6216: calculated similarity between ICU_P and SRS

4488/6216: calculated similarity between ICU_P and SRS_Pre

4489/6216: calculated similarity between ICU_P and STAI

4490/6216: calculated similarity between ICU_P and SWAN

4491/6216: calculated similarity between ICU_P and TRF

4492/6216: calculated similarity between ICU_P and TRF_P

4493/6216: calculated similarity between ICU_P and Vineland

4494/6216: calculated similarity between ICU_P and WAIS

4495/6216: calculated similarity between ICU_P and WAIS_abb

4496/6216: calculated similarity between ICU_P and WASI

4497/6216: calculated similarity between ICU_P and WHODAS_P

4498/6216: calculated similarity between ICU_P and WHODAS_SR

4499/6216: calculated similarity between ICU_P and WIAT

4500/6216: calculated similarity between ICU_P and WISC

4501/6216: calculated similarity between ICU_P and YFAS

4502/6216: calculated similarity between ICU_P and YFAS_C

4503/6216: calculated similarity between ICU_P and YSR

4504/6216: calculated similarity between ICU_P and SympChck

4505/6216: calculated similarity between ICU_SR and IUQ_SR

4506/6216: calculated similarity between ICU_SR and IUQ_P

4507/6216: calculated similarity between ICU_SR and KBIT

4508/6216: calculated similarity between ICU_SR and MFQ_P

4509/6216: calculated similarity between ICU_SR and MFQ_SR

4510/6216: calculated similarity between ICU_SR and MRI_Track

4511/6216: calculated similarity between ICU_SR and NIH_Full

4512/6216: calculated similarity between ICU_SR and NIH_Score

4513/6216: calculated similarity between ICU_SR and NLES_P

4514/6216: calculated similarity between ICU_SR and NLES_SR

4515/6216: calculated similarity between ICU_SR and PANAS

4516/6216: calculated similarity between ICU_SR and PAQ_A

4517/6216: calculated similarity between ICU_SR and PBQ

4518/6216: calculated similarity between ICU_SR and PBS

4519/6216: calculated similarity between ICU_SR and PCIAT

4520/6216: calculated similarity between ICU_SR and Peds_Migraine

4521/6216: calculated similarity between ICU_SR and Pegboard

4522/6216: calculated similarity between ICU_SR and PhenX_Neighborhood

4523/6216: calculated similarity between ICU_SR and PhenX_Schoo

4524/6216: calculated similarity between ICU_SR and Physical

4525/6216: calculated similarity between ICU_SR and PMHS

4526/6216: calculated similarity between ICU_SR and PPS

4527/6216: calculated similarity between ICU_SR and PPVT

4528/6216: calculated similarity between ICU_SR and Pregnancy

4529/6216: calculated similarity between ICU_SR and PreInt_Demos_Home

4530/6216: calculated similarity between ICU_SR and PreInt_DevH

4531/6216: calculated similarity between ICU_SR and PreInt_EduH

4532/6216: calculated similarity between ICU_SR and PreInt_FamH

4533/6216: calculated similarity between ICU_SR and PreInt_FamHx_RDC

4534/6216: calculated similarity between ICU_SR and PreInt_Lang

4535/6216: calculated similarity between ICU_SR and PreInt_TxH

4536/6216: calculated similarity between ICU_SR and PSI

4537/6216: calculated similarity between ICU_SR and RBS

4538/6216: calculated similarity between ICU_SR and RemoteTask

4539/6216: calculated similarity between ICU_SR and SAS

4540/6216: calculated similarity between ICU_SR and SCARED_P

4541/6216: calculated similarity between ICU_SR and SCARED_SR

4542/6216: calculated similarity between ICU_SR and SCQ

4543/6216: calculated similarity between ICU_SR and SDQ

4544/6216: calculated similarity between ICU_SR and SDS

4545/6216: calculated similarity between ICU_SR and SRS

4546/6216: calculated similarity between ICU_SR and SRS_Pre

4547/6216: calculated similarity between ICU_SR and STAI

4548/6216: calculated similarity between ICU_SR and SWAN

4549/6216: calculated similarity between ICU_SR and TRF

4550/6216: calculated similarity between ICU_SR and TRF_P

4551/6216: calculated similarity between ICU_SR and Vineland

4552/6216: calculated similarity between ICU_SR and WAIS

4553/6216: calculated similarity between ICU_SR and WAIS_abb

4554/6216: calculated similarity between ICU_SR and WASI

4555/6216: calculated similarity between ICU_SR and WHODAS_P

4556/6216: calculated similarity between ICU_SR and WHODAS_SR

4557/6216: calculated similarity between ICU_SR and WIAT

4558/6216: calculated similarity between ICU_SR and WISC

4559/6216: calculated similarity between ICU_SR and YFAS

4560/6216: calculated similarity between ICU_SR and YFAS_C

4561/6216: calculated similarity between ICU_SR and YSR

4562/6216: calculated similarity between ICU_SR and SympChck

4563/6216: calculated similarity between IUQ_SR and IUQ_P

4564/6216: calculated similarity between IUQ_SR and KBIT

4565/6216: calculated similarity between IUQ_SR and MFQ_P

4566/6216: calculated similarity between IUQ_SR and MFQ_SR

4567/6216: calculated similarity between IUQ_SR and MRI_Track

4568/6216: calculated similarity between IUQ_SR and NIH_Full

4569/6216: calculated similarity between IUQ_SR and NIH_Score

4570/6216: calculated similarity between IUQ_SR and NLES_P

4571/6216: calculated similarity between IUQ_SR and NLES_SR

4572/6216: calculated similarity between IUQ_SR and PANAS

4573/6216: calculated similarity between IUQ_SR and PAQ_A

4574/6216: calculated similarity between IUQ_SR and PBQ

4575/6216: calculated similarity between IUQ_SR and PBS

4576/6216: calculated similarity between IUQ_SR and PCIAT

4577/6216: calculated similarity between IUQ_SR and Peds_Migraine

4578/6216: calculated similarity between IUQ_SR and Pegboard

4579/6216: calculated similarity between IUQ_SR and PhenX_Neighborhood

4580/6216: calculated similarity between IUQ_SR and PhenX_Schoo

4581/6216: calculated similarity between IUQ_SR and Physical

4582/6216: calculated similarity between IUQ_SR and PMHS

4583/6216: calculated similarity between IUQ_SR and PPS

4584/6216: calculated similarity between IUQ_SR and PPVT

4585/6216: calculated similarity between IUQ_SR and Pregnancy

4586/6216: calculated similarity between IUQ_SR and PreInt_Demos_Home

4587/6216: calculated similarity between IUQ_SR and PreInt_DevH

4588/6216: calculated similarity between IUQ_SR and PreInt_EduH

4589/6216: calculated similarity between IUQ_SR and PreInt_FamH

4590/6216: calculated similarity between IUQ_SR and PreInt_FamHx_RDC

4591/6216: calculated similarity between IUQ_SR and PreInt_Lang

4592/6216: calculated similarity between IUQ_SR and PreInt_TxH

4593/6216: calculated similarity between IUQ_SR and PSI

4594/6216: calculated similarity between IUQ_SR and RBS

4595/6216: calculated similarity between IUQ_SR and RemoteTask

4596/6216: calculated similarity between IUQ_SR and SAS

4597/6216: calculated similarity between IUQ_SR and SCARED_P

4598/6216: calculated similarity between IUQ_SR and SCARED_SR

4599/6216: calculated similarity between IUQ_SR and SCQ

4600/6216: calculated similarity between IUQ_SR and SDQ

4601/6216: calculated similarity between IUQ_SR and SDS

4602/6216: calculated similarity between IUQ_SR and SRS

4603/6216: calculated similarity between IUQ_SR and SRS_Pre

4604/6216: calculated similarity between IUQ_SR and STAI

4605/6216: calculated similarity between IUQ_SR and SWAN

4606/6216: calculated similarity between IUQ_SR and TRF

4607/6216: calculated similarity between IUQ_SR and TRF_P

4608/6216: calculated similarity between IUQ_SR and Vineland

4609/6216: calculated similarity between IUQ_SR and WAIS

4610/6216: calculated similarity between IUQ_SR and WAIS_abb

4611/6216: calculated similarity between IUQ_SR and WASI

4612/6216: calculated similarity between IUQ_SR and WHODAS_P

4613/6216: calculated similarity between IUQ_SR and WHODAS_SR

4614/6216: calculated similarity between IUQ_SR and WIAT

4615/6216: calculated similarity between IUQ_SR and WISC

4616/6216: calculated similarity between IUQ_SR and YFAS

4617/6216: calculated similarity between IUQ_SR and YFAS_C

4618/6216: calculated similarity between IUQ_SR and YSR

4619/6216: calculated similarity between IUQ_SR and SympChck

4620/6216: calculated similarity between IUQ_P and KBIT

4621/6216: calculated similarity between IUQ_P and MFQ_P

4622/6216: calculated similarity between IUQ_P and MFQ_SR

4623/6216: calculated similarity between IUQ_P and MRI_Track

4624/6216: calculated similarity between IUQ_P and NIH_Full

4625/6216: calculated similarity between IUQ_P and NIH_Score

4626/6216: calculated similarity between IUQ_P and NLES_P

4627/6216: calculated similarity between IUQ_P and NLES_SR

4628/6216: calculated similarity between IUQ_P and PANAS

4629/6216: calculated similarity between IUQ_P and PAQ_A

4630/6216: calculated similarity between IUQ_P and PBQ

4631/6216: calculated similarity between IUQ_P and PBS

4632/6216: calculated similarity between IUQ_P and PCIAT

4633/6216: calculated similarity between IUQ_P and Peds_Migraine

4634/6216: calculated similarity between IUQ_P and Pegboard

4635/6216: calculated similarity between IUQ_P and PhenX_Neighborhood

4636/6216: calculated similarity between IUQ_P and PhenX_Schoo

4637/6216: calculated similarity between IUQ_P and Physical

4638/6216: calculated similarity between IUQ_P and PMHS

4639/6216: calculated similarity between IUQ_P and PPS

4640/6216: calculated similarity between IUQ_P and PPVT

4641/6216: calculated similarity between IUQ_P and Pregnancy

4642/6216: calculated similarity between IUQ_P and PreInt_Demos_Home

4643/6216: calculated similarity between IUQ_P and PreInt_DevH

4644/6216: calculated similarity between IUQ_P and PreInt_EduH

4645/6216: calculated similarity between IUQ_P and PreInt_FamH

4646/6216: calculated similarity between IUQ_P and PreInt_FamHx_RDC

4647/6216: calculated similarity between IUQ_P and PreInt_Lang

4648/6216: calculated similarity between IUQ_P and PreInt_TxH

4649/6216: calculated similarity between IUQ_P and PSI

4650/6216: calculated similarity between IUQ_P and RBS

4651/6216: calculated similarity between IUQ_P and RemoteTask

4652/6216: calculated similarity between IUQ_P and SAS

4653/6216: calculated similarity between IUQ_P and SCARED_P

4654/6216: calculated similarity between IUQ_P and SCARED_SR

4655/6216: calculated similarity between IUQ_P and SCQ

4656/6216: calculated similarity between IUQ_P and SDQ

4657/6216: calculated similarity between IUQ_P and SDS

4658/6216: calculated similarity between IUQ_P and SRS

4659/6216: calculated similarity between IUQ_P and SRS_Pre

4660/6216: calculated similarity between IUQ_P and STAI

4661/6216: calculated similarity between IUQ_P and SWAN

4662/6216: calculated similarity between IUQ_P and TRF

4663/6216: calculated similarity between IUQ_P and TRF_P

4664/6216: calculated similarity between IUQ_P and Vineland

4665/6216: calculated similarity between IUQ_P and WAIS

4666/6216: calculated similarity between IUQ_P and WAIS_abb

4667/6216: calculated similarity between IUQ_P and WASI

4668/6216: calculated similarity between IUQ_P and WHODAS_P

4669/6216: calculated similarity between IUQ_P and WHODAS_SR

4670/6216: calculated similarity between IUQ_P and WIAT

4671/6216: calculated similarity between IUQ_P and WISC

4672/6216: calculated similarity between IUQ_P and YFAS

4673/6216: calculated similarity between IUQ_P and YFAS_C

4674/6216: calculated similarity between IUQ_P and YSR

4675/6216: calculated similarity between IUQ_P and SympChck

4676/6216: calculated similarity between KBIT and MFQ_P

4677/6216: calculated similarity between KBIT and MFQ_SR

4678/6216: calculated similarity between KBIT and MRI_Track

4679/6216: calculated similarity between KBIT and NIH_Full

4680/6216: calculated similarity between KBIT and NIH_Score

4681/6216: calculated similarity between KBIT and NLES_P

4682/6216: calculated similarity between KBIT and NLES_SR

4683/6216: calculated similarity between KBIT and PANAS

4684/6216: calculated similarity between KBIT and PAQ_A

4685/6216: calculated similarity between KBIT and PBQ

4686/6216: calculated similarity between KBIT and PBS

4687/6216: calculated similarity between KBIT and PCIAT

4688/6216: calculated similarity between KBIT and Peds_Migraine

4689/6216: calculated similarity between KBIT and Pegboard

4690/6216: calculated similarity between KBIT and PhenX_Neighborhood

4691/6216: calculated similarity between KBIT and PhenX_Schoo

4692/6216: calculated similarity between KBIT and Physical

4693/6216: calculated similarity between KBIT and PMHS

4694/6216: calculated similarity between KBIT and PPS

4695/6216: calculated similarity between KBIT and PPVT

4696/6216: calculated similarity between KBIT and Pregnancy

4697/6216: calculated similarity between KBIT and PreInt_Demos_Home

4698/6216: calculated similarity between KBIT and PreInt_DevH

4699/6216: calculated similarity between KBIT and PreInt_EduH

4700/6216: calculated similarity between KBIT and PreInt_FamH

4701/6216: calculated similarity between KBIT and PreInt_FamHx_RDC

4702/6216: calculated similarity between KBIT and PreInt_Lang

4703/6216: calculated similarity between KBIT and PreInt_TxH

4704/6216: calculated similarity between KBIT and PSI

4705/6216: calculated similarity between KBIT and RBS

4706/6216: calculated similarity between KBIT and RemoteTask

4707/6216: calculated similarity between KBIT and SAS

4708/6216: calculated similarity between KBIT and SCARED_P

4709/6216: calculated similarity between KBIT and SCARED_SR

4710/6216: calculated similarity between KBIT and SCQ

4711/6216: calculated similarity between KBIT and SDQ

4712/6216: calculated similarity between KBIT and SDS

4713/6216: calculated similarity between KBIT and SRS

4714/6216: calculated similarity between KBIT and SRS_Pre

4715/6216: calculated similarity between KBIT and STAI

4716/6216: calculated similarity between KBIT and SWAN

4717/6216: calculated similarity between KBIT and TRF

4718/6216: calculated similarity between KBIT and TRF_P

4719/6216: calculated similarity between KBIT and Vineland

4720/6216: calculated similarity between KBIT and WAIS

4721/6216: calculated similarity between KBIT and WAIS_abb

4722/6216: calculated similarity between KBIT and WASI

4723/6216: calculated similarity between KBIT and WHODAS_P

4724/6216: calculated similarity between KBIT and WHODAS_SR

4725/6216: calculated similarity between KBIT and WIAT

4726/6216: calculated similarity between KBIT and WISC

4727/6216: calculated similarity between KBIT and YFAS

4728/6216: calculated similarity between KBIT and YFAS_C

4729/6216: calculated similarity between KBIT and YSR

4730/6216: calculated similarity between KBIT and SympChck

4731/6216: calculated similarity between MFQ_P and MFQ_SR

4732/6216: calculated similarity between MFQ_P and MRI_Track

4733/6216: calculated similarity between MFQ_P and NIH_Full

4734/6216: calculated similarity between MFQ_P and NIH_Score

4735/6216: calculated similarity between MFQ_P and NLES_P

4736/6216: calculated similarity between MFQ_P and NLES_SR

4737/6216: calculated similarity between MFQ_P and PANAS

4738/6216: calculated similarity between MFQ_P and PAQ_A

4739/6216: calculated similarity between MFQ_P and PBQ

4740/6216: calculated similarity between MFQ_P and PBS

4741/6216: calculated similarity between MFQ_P and PCIAT

4742/6216: calculated similarity between MFQ_P and Peds_Migraine

4743/6216: calculated similarity between MFQ_P and Pegboard

4744/6216: calculated similarity between MFQ_P and PhenX_Neighborhood

4745/6216: calculated similarity between MFQ_P and PhenX_Schoo

4746/6216: calculated similarity between MFQ_P and Physical

4747/6216: calculated similarity between MFQ_P and PMHS

4748/6216: calculated similarity between MFQ_P and PPS

4749/6216: calculated similarity between MFQ_P and PPVT

4750/6216: calculated similarity between MFQ_P and Pregnancy

4751/6216: calculated similarity between MFQ_P and PreInt_Demos_Home

4752/6216: calculated similarity between MFQ_P and PreInt_DevH

4753/6216: calculated similarity between MFQ_P and PreInt_EduH

4754/6216: calculated similarity between MFQ_P and PreInt_FamH

4755/6216: calculated similarity between MFQ_P and PreInt_FamHx_RDC

4756/6216: calculated similarity between MFQ_P and PreInt_Lang

4757/6216: calculated similarity between MFQ_P and PreInt_TxH

4758/6216: calculated similarity between MFQ_P and PSI

4759/6216: calculated similarity between MFQ_P and RBS

4760/6216: calculated similarity between MFQ_P and RemoteTask

4761/6216: calculated similarity between MFQ_P and SAS

4762/6216: calculated similarity between MFQ_P and SCARED_P

4763/6216: calculated similarity between MFQ_P and SCARED_SR

4764/6216: calculated similarity between MFQ_P and SCQ

4765/6216: calculated similarity between MFQ_P and SDQ

4766/6216: calculated similarity between MFQ_P and SDS

4767/6216: calculated similarity between MFQ_P and SRS

4768/6216: calculated similarity between MFQ_P and SRS_Pre

4769/6216: calculated similarity between MFQ_P and STAI

4770/6216: calculated similarity between MFQ_P and SWAN

4771/6216: calculated similarity between MFQ_P and TRF

4772/6216: calculated similarity between MFQ_P and TRF_P

4773/6216: calculated similarity between MFQ_P and Vineland

4774/6216: calculated similarity between MFQ_P and WAIS

4775/6216: calculated similarity between MFQ_P and WAIS_abb

4776/6216: calculated similarity between MFQ_P and WASI

4777/6216: calculated similarity between MFQ_P and WHODAS_P

4778/6216: calculated similarity between MFQ_P and WHODAS_SR

4779/6216: calculated similarity between MFQ_P and WIAT

4780/6216: calculated similarity between MFQ_P and WISC

4781/6216: calculated similarity between MFQ_P and YFAS

4782/6216: calculated similarity between MFQ_P and YFAS_C

4783/6216: calculated similarity between MFQ_P and YSR

4784/6216: calculated similarity between MFQ_P and SympChck

4785/6216: calculated similarity between MFQ_SR and MRI_Track

4786/6216: calculated similarity between MFQ_SR and NIH_Full

4787/6216: calculated similarity between MFQ_SR and NIH_Score

4788/6216: calculated similarity between MFQ_SR and NLES_P

4789/6216: calculated similarity between MFQ_SR and NLES_SR

4790/6216: calculated similarity between MFQ_SR and PANAS

4791/6216: calculated similarity between MFQ_SR and PAQ_A

4792/6216: calculated similarity between MFQ_SR and PBQ

4793/6216: calculated similarity between MFQ_SR and PBS

4794/6216: calculated similarity between MFQ_SR and PCIAT

4795/6216: calculated similarity between MFQ_SR and Peds_Migraine

4796/6216: calculated similarity between MFQ_SR and Pegboard

4797/6216: calculated similarity between MFQ_SR and PhenX_Neighborhood

4798/6216: calculated similarity between MFQ_SR and PhenX_Schoo

4799/6216: calculated similarity between MFQ_SR and Physical

4800/6216: calculated similarity between MFQ_SR and PMHS

4801/6216: calculated similarity between MFQ_SR and PPS

4802/6216: calculated similarity between MFQ_SR and PPVT

4803/6216: calculated similarity between MFQ_SR and Pregnancy

4804/6216: calculated similarity between MFQ_SR and PreInt_Demos_Home

4805/6216: calculated similarity between MFQ_SR and PreInt_DevH

4806/6216: calculated similarity between MFQ_SR and PreInt_EduH

4807/6216: calculated similarity between MFQ_SR and PreInt_FamH

4808/6216: calculated similarity between MFQ_SR and PreInt_FamHx_RDC

4809/6216: calculated similarity between MFQ_SR and PreInt_Lang

4810/6216: calculated similarity between MFQ_SR and PreInt_TxH

4811/6216: calculated similarity between MFQ_SR and PSI

4812/6216: calculated similarity between MFQ_SR and RBS

4813/6216: calculated similarity between MFQ_SR and RemoteTask

4814/6216: calculated similarity between MFQ_SR and SAS

4815/6216: calculated similarity between MFQ_SR and SCARED_P

4816/6216: calculated similarity between MFQ_SR and SCARED_SR

4817/6216: calculated similarity between MFQ_SR and SCQ

4818/6216: calculated similarity between MFQ_SR and SDQ

4819/6216: calculated similarity between MFQ_SR and SDS

4820/6216: calculated similarity between MFQ_SR and SRS

4821/6216: calculated similarity between MFQ_SR and SRS_Pre

4822/6216: calculated similarity between MFQ_SR and STAI

4823/6216: calculated similarity between MFQ_SR and SWAN

4824/6216: calculated similarity between MFQ_SR and TRF

4825/6216: calculated similarity between MFQ_SR and TRF_P

4826/6216: calculated similarity between MFQ_SR and Vineland

4827/6216: calculated similarity between MFQ_SR and WAIS

4828/6216: calculated similarity between MFQ_SR and WAIS_abb

4829/6216: calculated similarity between MFQ_SR and WASI

4830/6216: calculated similarity between MFQ_SR and WHODAS_P

4831/6216: calculated similarity between MFQ_SR and WHODAS_SR

4832/6216: calculated similarity between MFQ_SR and WIAT

4833/6216: calculated similarity between MFQ_SR and WISC

4834/6216: calculated similarity between MFQ_SR and YFAS

4835/6216: calculated similarity between MFQ_SR and YFAS_C

4836/6216: calculated similarity between MFQ_SR and YSR

4837/6216: calculated similarity between MFQ_SR and SympChck

4838/6216: calculated similarity between MRI_Track and NIH_Full

4839/6216: calculated similarity between MRI_Track and NIH_Score

4840/6216: calculated similarity between MRI_Track and NLES_P

4841/6216: calculated similarity between MRI_Track and NLES_SR

4842/6216: calculated similarity between MRI_Track and PANAS

4843/6216: calculated similarity between MRI_Track and PAQ_A

4844/6216: calculated similarity between MRI_Track and PBQ

4845/6216: calculated similarity between MRI_Track and PBS

4846/6216: calculated similarity between MRI_Track and PCIAT

4847/6216: calculated similarity between MRI_Track and Peds_Migraine

4848/6216: calculated similarity between MRI_Track and Pegboard

4849/6216: calculated similarity between MRI_Track and PhenX_Neighborhood

4850/6216: calculated similarity between MRI_Track and PhenX_Schoo

4851/6216: calculated similarity between MRI_Track and Physical

4852/6216: calculated similarity between MRI_Track and PMHS

4853/6216: calculated similarity between MRI_Track and PPS

4854/6216: calculated similarity between MRI_Track and PPVT

4855/6216: calculated similarity between MRI_Track and Pregnancy

4856/6216: calculated similarity between MRI_Track and PreInt_Demos_Home

4857/6216: calculated similarity between MRI_Track and PreInt_DevH

4858/6216: calculated similarity between MRI_Track and PreInt_EduH

4859/6216: calculated similarity between MRI_Track and PreInt_FamH

4860/6216: calculated similarity between MRI_Track and PreInt_FamHx_RDC

4861/6216: calculated similarity between MRI_Track and PreInt_Lang

4862/6216: calculated similarity between MRI_Track and PreInt_TxH

4863/6216: calculated similarity between MRI_Track and PSI

4864/6216: calculated similarity between MRI_Track and RBS

4865/6216: calculated similarity between MRI_Track and RemoteTask

4866/6216: calculated similarity between MRI_Track and SAS

4867/6216: calculated similarity between MRI_Track and SCARED_P

4868/6216: calculated similarity between MRI_Track and SCARED_SR

4869/6216: calculated similarity between MRI_Track and SCQ

4870/6216: calculated similarity between MRI_Track and SDQ

4871/6216: calculated similarity between MRI_Track and SDS

4872/6216: calculated similarity between MRI_Track and SRS

4873/6216: calculated similarity between MRI_Track and SRS_Pre

4874/6216: calculated similarity between MRI_Track and STAI

4875/6216: calculated similarity between MRI_Track and SWAN

4876/6216: calculated similarity between MRI_Track and TRF

4877/6216: calculated similarity between MRI_Track and TRF_P

4878/6216: calculated similarity between MRI_Track and Vineland

4879/6216: calculated similarity between MRI_Track and WAIS

4880/6216: calculated similarity between MRI_Track and WAIS_abb

4881/6216: calculated similarity between MRI_Track and WASI

4882/6216: calculated similarity between MRI_Track and WHODAS_P

4883/6216: calculated similarity between MRI_Track and WHODAS_SR

4884/6216: calculated similarity between MRI_Track and WIAT

4885/6216: calculated similarity between MRI_Track and WISC

4886/6216: calculated similarity between MRI_Track and YFAS

4887/6216: calculated similarity between MRI_Track and YFAS_C

4888/6216: calculated similarity between MRI_Track and YSR

4889/6216: calculated similarity between MRI_Track and SympChck

4890/6216: calculated similarity between NIH_Full and NIH_Score

4891/6216: calculated similarity between NIH_Full and NLES_P

4892/6216: calculated similarity between NIH_Full and NLES_SR

4893/6216: calculated similarity between NIH_Full and PANAS

4894/6216: calculated similarity between NIH_Full and PAQ_A

4895/6216: calculated similarity between NIH_Full and PBQ

4896/6216: calculated similarity between NIH_Full and PBS

4897/6216: calculated similarity between NIH_Full and PCIAT

4898/6216: calculated similarity between NIH_Full and Peds_Migraine

4899/6216: calculated similarity between NIH_Full and Pegboard

4900/6216: calculated similarity between NIH_Full and PhenX_Neighborhood

4901/6216: calculated similarity between NIH_Full and PhenX_Schoo

4902/6216: calculated similarity between NIH_Full and Physical

4903/6216: calculated similarity between NIH_Full and PMHS

4904/6216: calculated similarity between NIH_Full and PPS

4905/6216: calculated similarity between NIH_Full and PPVT

4906/6216: calculated similarity between NIH_Full and Pregnancy

4907/6216: calculated similarity between NIH_Full and PreInt_Demos_Home

4908/6216: calculated similarity between NIH_Full and PreInt_DevH

4909/6216: calculated similarity between NIH_Full and PreInt_EduH

4910/6216: calculated similarity between NIH_Full and PreInt_FamH

4911/6216: calculated similarity between NIH_Full and PreInt_FamHx_RDC

4912/6216: calculated similarity between NIH_Full and PreInt_Lang

4913/6216: calculated similarity between NIH_Full and PreInt_TxH

4914/6216: calculated similarity between NIH_Full and PSI

4915/6216: calculated similarity between NIH_Full and RBS

4916/6216: calculated similarity between NIH_Full and RemoteTask

4917/6216: calculated similarity between NIH_Full and SAS

4918/6216: calculated similarity between NIH_Full and SCARED_P

4919/6216: calculated similarity between NIH_Full and SCARED_SR

4920/6216: calculated similarity between NIH_Full and SCQ

4921/6216: calculated similarity between NIH_Full and SDQ

4922/6216: calculated similarity between NIH_Full and SDS

4923/6216: calculated similarity between NIH_Full and SRS

4924/6216: calculated similarity between NIH_Full and SRS_Pre

4925/6216: calculated similarity between NIH_Full and STAI

4926/6216: calculated similarity between NIH_Full and SWAN

4927/6216: calculated similarity between NIH_Full and TRF

4928/6216: calculated similarity between NIH_Full and TRF_P

4929/6216: calculated similarity between NIH_Full and Vineland

4930/6216: calculated similarity between NIH_Full and WAIS

4931/6216: calculated similarity between NIH_Full and WAIS_abb

4932/6216: calculated similarity between NIH_Full and WASI

4933/6216: calculated similarity between NIH_Full and WHODAS_P

4934/6216: calculated similarity between NIH_Full and WHODAS_SR

4935/6216: calculated similarity between NIH_Full and WIAT

4936/6216: calculated similarity between NIH_Full and WISC

4937/6216: calculated similarity between NIH_Full and YFAS

4938/6216: calculated similarity between NIH_Full and YFAS_C

4939/6216: calculated similarity between NIH_Full and YSR

4940/6216: calculated similarity between NIH_Full and SympChck

4941/6216: calculated similarity between NIH_Score and NLES_P

4942/6216: calculated similarity between NIH_Score and NLES_SR

4943/6216: calculated similarity between NIH_Score and PANAS

4944/6216: calculated similarity between NIH_Score and PAQ_A

4945/6216: calculated similarity between NIH_Score and PBQ

4946/6216: calculated similarity between NIH_Score and PBS

4947/6216: calculated similarity between NIH_Score and PCIAT

4948/6216: calculated similarity between NIH_Score and Peds_Migraine

4949/6216: calculated similarity between NIH_Score and Pegboard

4950/6216: calculated similarity between NIH_Score and PhenX_Neighborhood

4951/6216: calculated similarity between NIH_Score and PhenX_Schoo

4952/6216: calculated similarity between NIH_Score and Physical

4953/6216: calculated similarity between NIH_Score and PMHS

4954/6216: calculated similarity between NIH_Score and PPS

4955/6216: calculated similarity between NIH_Score and PPVT

4956/6216: calculated similarity between NIH_Score and Pregnancy

4957/6216: calculated similarity between NIH_Score and PreInt_Demos_Home

4958/6216: calculated similarity between NIH_Score and PreInt_DevH

4959/6216: calculated similarity between NIH_Score and PreInt_EduH

4960/6216: calculated similarity between NIH_Score and PreInt_FamH

4961/6216: calculated similarity between NIH_Score and PreInt_FamHx_RDC

4962/6216: calculated similarity between NIH_Score and PreInt_Lang

4963/6216: calculated similarity between NIH_Score and PreInt_TxH

4964/6216: calculated similarity between NIH_Score and PSI

4965/6216: calculated similarity between NIH_Score and RBS

4966/6216: calculated similarity between NIH_Score and RemoteTask

4967/6216: calculated similarity between NIH_Score and SAS

4968/6216: calculated similarity between NIH_Score and SCARED_P

4969/6216: calculated similarity between NIH_Score and SCARED_SR

4970/6216: calculated similarity between NIH_Score and SCQ

4971/6216: calculated similarity between NIH_Score and SDQ

4972/6216: calculated similarity between NIH_Score and SDS

4973/6216: calculated similarity between NIH_Score and SRS

4974/6216: calculated similarity between NIH_Score and SRS_Pre

4975/6216: calculated similarity between NIH_Score and STAI

4976/6216: calculated similarity between NIH_Score and SWAN

4977/6216: calculated similarity between NIH_Score and TRF

4978/6216: calculated similarity between NIH_Score and TRF_P

4979/6216: calculated similarity between NIH_Score and Vineland

4980/6216: calculated similarity between NIH_Score and WAIS

4981/6216: calculated similarity between NIH_Score and WAIS_abb

4982/6216: calculated similarity between NIH_Score and WASI

4983/6216: calculated similarity between NIH_Score and WHODAS_P

4984/6216: calculated similarity between NIH_Score and WHODAS_SR

4985/6216: calculated similarity between NIH_Score and WIAT

4986/6216: calculated similarity between NIH_Score and WISC

4987/6216: calculated similarity between NIH_Score and YFAS

4988/6216: calculated similarity between NIH_Score and YFAS_C

4989/6216: calculated similarity between NIH_Score and YSR

4990/6216: calculated similarity between NIH_Score and SympChck

4991/6216: calculated similarity between NLES_P and NLES_SR

4992/6216: calculated similarity between NLES_P and PANAS

4993/6216: calculated similarity between NLES_P and PAQ_A

4994/6216: calculated similarity between NLES_P and PBQ

4995/6216: calculated similarity between NLES_P and PBS

4996/6216: calculated similarity between NLES_P and PCIAT

4997/6216: calculated similarity between NLES_P and Peds_Migraine

4998/6216: calculated similarity between NLES_P and Pegboard

4999/6216: calculated similarity between NLES_P and PhenX_Neighborhood

5000/6216: calculated similarity between NLES_P and PhenX_Schoo

5001/6216: calculated similarity between NLES_P and Physical

5002/6216: calculated similarity between NLES_P and PMHS

5003/6216: calculated similarity between NLES_P and PPS

5004/6216: calculated similarity between NLES_P and PPVT

5005/6216: calculated similarity between NLES_P and Pregnancy

5006/6216: calculated similarity between NLES_P and PreInt_Demos_Home

5007/6216: calculated similarity between NLES_P and PreInt_DevH

5008/6216: calculated similarity between NLES_P and PreInt_EduH

5009/6216: calculated similarity between NLES_P and PreInt_FamH

5010/6216: calculated similarity between NLES_P and PreInt_FamHx_RDC

5011/6216: calculated similarity between NLES_P and PreInt_Lang

5012/6216: calculated similarity between NLES_P and PreInt_TxH

5013/6216: calculated similarity between NLES_P and PSI

5014/6216: calculated similarity between NLES_P and RBS

5015/6216: calculated similarity between NLES_P and RemoteTask

5016/6216: calculated similarity between NLES_P and SAS

5017/6216: calculated similarity between NLES_P and SCARED_P

5018/6216: calculated similarity between NLES_P and SCARED_SR

5019/6216: calculated similarity between NLES_P and SCQ

5020/6216: calculated similarity between NLES_P and SDQ

5021/6216: calculated similarity between NLES_P and SDS

5022/6216: calculated similarity between NLES_P and SRS

5023/6216: calculated similarity between NLES_P and SRS_Pre

5024/6216: calculated similarity between NLES_P and STAI

5025/6216: calculated similarity between NLES_P and SWAN

5026/6216: calculated similarity between NLES_P and TRF

5027/6216: calculated similarity between NLES_P and TRF_P

5028/6216: calculated similarity between NLES_P and Vineland

5029/6216: calculated similarity between NLES_P and WAIS

5030/6216: calculated similarity between NLES_P and WAIS_abb

5031/6216: calculated similarity between NLES_P and WASI

5032/6216: calculated similarity between NLES_P and WHODAS_P

5033/6216: calculated similarity between NLES_P and WHODAS_SR

5034/6216: calculated similarity between NLES_P and WIAT

5035/6216: calculated similarity between NLES_P and WISC

5036/6216: calculated similarity between NLES_P and YFAS

5037/6216: calculated similarity between NLES_P and YFAS_C

5038/6216: calculated similarity between NLES_P and YSR

5039/6216: calculated similarity between NLES_P and SympChck

5040/6216: calculated similarity between NLES_SR and PANAS

5041/6216: calculated similarity between NLES_SR and PAQ_A

5042/6216: calculated similarity between NLES_SR and PBQ

5043/6216: calculated similarity between NLES_SR and PBS

5044/6216: calculated similarity between NLES_SR and PCIAT

5045/6216: calculated similarity between NLES_SR and Peds_Migraine

5046/6216: calculated similarity between NLES_SR and Pegboard

5047/6216: calculated similarity between NLES_SR and PhenX_Neighborhood

5048/6216: calculated similarity between NLES_SR and PhenX_Schoo

5049/6216: calculated similarity between NLES_SR and Physical

5050/6216: calculated similarity between NLES_SR and PMHS

5051/6216: calculated similarity between NLES_SR and PPS

5052/6216: calculated similarity between NLES_SR and PPVT

5053/6216: calculated similarity between NLES_SR and Pregnancy

5054/6216: calculated similarity between NLES_SR and PreInt_Demos_Home

5055/6216: calculated similarity between NLES_SR and PreInt_DevH

5056/6216: calculated similarity between NLES_SR and PreInt_EduH

5057/6216: calculated similarity between NLES_SR and PreInt_FamH

5058/6216: calculated similarity between NLES_SR and PreInt_FamHx_RDC

5059/6216: calculated similarity between NLES_SR and PreInt_Lang

5060/6216: calculated similarity between NLES_SR and PreInt_TxH

5061/6216: calculated similarity between NLES_SR and PSI

5062/6216: calculated similarity between NLES_SR and RBS

5063/6216: calculated similarity between NLES_SR and RemoteTask

5064/6216: calculated similarity between NLES_SR and SAS

5065/6216: calculated similarity between NLES_SR and SCARED_P

5066/6216: calculated similarity between NLES_SR and SCARED_SR

5067/6216: calculated similarity between NLES_SR and SCQ

5068/6216: calculated similarity between NLES_SR and SDQ

5069/6216: calculated similarity between NLES_SR and SDS

5070/6216: calculated similarity between NLES_SR and SRS

5071/6216: calculated similarity between NLES_SR and SRS_Pre

5072/6216: calculated similarity between NLES_SR and STAI

5073/6216: calculated similarity between NLES_SR and SWAN

5074/6216: calculated similarity between NLES_SR and TRF

5075/6216: calculated similarity between NLES_SR and TRF_P

5076/6216: calculated similarity between NLES_SR and Vineland

5077/6216: calculated similarity between NLES_SR and WAIS

5078/6216: calculated similarity between NLES_SR and WAIS_abb

5079/6216: calculated similarity between NLES_SR and WASI

5080/6216: calculated similarity between NLES_SR and WHODAS_P

5081/6216: calculated similarity between NLES_SR and WHODAS_SR

5082/6216: calculated similarity between NLES_SR and WIAT

5083/6216: calculated similarity between NLES_SR and WISC

5084/6216: calculated similarity between NLES_SR and YFAS

5085/6216: calculated similarity between NLES_SR and YFAS_C

5086/6216: calculated similarity between NLES_SR and YSR

5087/6216: calculated similarity between NLES_SR and SympChck

5088/6216: calculated similarity between PANAS and PAQ_A

5089/6216: calculated similarity between PANAS and PBQ

5090/6216: calculated similarity between PANAS and PBS

5091/6216: calculated similarity between PANAS and PCIAT

5092/6216: calculated similarity between PANAS and Peds_Migraine

5093/6216: calculated similarity between PANAS and Pegboard

5094/6216: calculated similarity between PANAS and PhenX_Neighborhood

5095/6216: calculated similarity between PANAS and PhenX_Schoo

5096/6216: calculated similarity between PANAS and Physical

5097/6216: calculated similarity between PANAS and PMHS

5098/6216: calculated similarity between PANAS and PPS

5099/6216: calculated similarity between PANAS and PPVT

5100/6216: calculated similarity between PANAS and Pregnancy

5101/6216: calculated similarity between PANAS and PreInt_Demos_Home

5102/6216: calculated similarity between PANAS and PreInt_DevH

5103/6216: calculated similarity between PANAS and PreInt_EduH

5104/6216: calculated similarity between PANAS and PreInt_FamH

5105/6216: calculated similarity between PANAS and PreInt_FamHx_RDC

5106/6216: calculated similarity between PANAS and PreInt_Lang

5107/6216: calculated similarity between PANAS and PreInt_TxH

5108/6216: calculated similarity between PANAS and PSI

5109/6216: calculated similarity between PANAS and RBS

5110/6216: calculated similarity between PANAS and RemoteTask

5111/6216: calculated similarity between PANAS and SAS

5112/6216: calculated similarity between PANAS and SCARED_P

5113/6216: calculated similarity between PANAS and SCARED_SR

5114/6216: calculated similarity between PANAS and SCQ

5115/6216: calculated similarity between PANAS and SDQ

5116/6216: calculated similarity between PANAS and SDS

5117/6216: calculated similarity between PANAS and SRS

5118/6216: calculated similarity between PANAS and SRS_Pre

5119/6216: calculated similarity between PANAS and STAI

5120/6216: calculated similarity between PANAS and SWAN

5121/6216: calculated similarity between PANAS and TRF

5122/6216: calculated similarity between PANAS and TRF_P

5123/6216: calculated similarity between PANAS and Vineland

5124/6216: calculated similarity between PANAS and WAIS

5125/6216: calculated similarity between PANAS and WAIS_abb

5126/6216: calculated similarity between PANAS and WASI

5127/6216: calculated similarity between PANAS and WHODAS_P

5128/6216: calculated similarity between PANAS and WHODAS_SR

5129/6216: calculated similarity between PANAS and WIAT

5130/6216: calculated similarity between PANAS and WISC

5131/6216: calculated similarity between PANAS and YFAS

5132/6216: calculated similarity between PANAS and YFAS_C

5133/6216: calculated similarity between PANAS and YSR

5134/6216: calculated similarity between PANAS and SympChck

5135/6216: calculated similarity between PAQ_A and PBQ

5136/6216: calculated similarity between PAQ_A and PBS

5137/6216: calculated similarity between PAQ_A and PCIAT

5138/6216: calculated similarity between PAQ_A and Peds_Migraine

5139/6216: calculated similarity between PAQ_A and Pegboard

5140/6216: calculated similarity between PAQ_A and PhenX_Neighborhood

5141/6216: calculated similarity between PAQ_A and PhenX_Schoo

5142/6216: calculated similarity between PAQ_A and Physical

5143/6216: calculated similarity between PAQ_A and PMHS

5144/6216: calculated similarity between PAQ_A and PPS

5145/6216: calculated similarity between PAQ_A and PPVT

5146/6216: calculated similarity between PAQ_A and Pregnancy

5147/6216: calculated similarity between PAQ_A and PreInt_Demos_Home

5148/6216: calculated similarity between PAQ_A and PreInt_DevH

5149/6216: calculated similarity between PAQ_A and PreInt_EduH

5150/6216: calculated similarity between PAQ_A and PreInt_FamH

5151/6216: calculated similarity between PAQ_A and PreInt_FamHx_RDC

5152/6216: calculated similarity between PAQ_A and PreInt_Lang

5153/6216: calculated similarity between PAQ_A and PreInt_TxH

5154/6216: calculated similarity between PAQ_A and PSI

5155/6216: calculated similarity between PAQ_A and RBS

5156/6216: calculated similarity between PAQ_A and RemoteTask

5157/6216: calculated similarity between PAQ_A and SAS

5158/6216: calculated similarity between PAQ_A and SCARED_P

5159/6216: calculated similarity between PAQ_A and SCARED_SR

5160/6216: calculated similarity between PAQ_A and SCQ

5161/6216: calculated similarity between PAQ_A and SDQ

5162/6216: calculated similarity between PAQ_A and SDS

5163/6216: calculated similarity between PAQ_A and SRS

5164/6216: calculated similarity between PAQ_A and SRS_Pre

5165/6216: calculated similarity between PAQ_A and STAI

5166/6216: calculated similarity between PAQ_A and SWAN

5167/6216: calculated similarity between PAQ_A and TRF

5168/6216: calculated similarity between PAQ_A and TRF_P

5169/6216: calculated similarity between PAQ_A and Vineland

5170/6216: calculated similarity between PAQ_A and WAIS

5171/6216: calculated similarity between PAQ_A and WAIS_abb

5172/6216: calculated similarity between PAQ_A and WASI

5173/6216: calculated similarity between PAQ_A and WHODAS_P

5174/6216: calculated similarity between PAQ_A and WHODAS_SR

5175/6216: calculated similarity between PAQ_A and WIAT

5176/6216: calculated similarity between PAQ_A and WISC

5177/6216: calculated similarity between PAQ_A and YFAS

5178/6216: calculated similarity between PAQ_A and YFAS_C

5179/6216: calculated similarity between PAQ_A and YSR

5180/6216: calculated similarity between PAQ_A and SympChck

5181/6216: calculated similarity between PBQ and PBS

5182/6216: calculated similarity between PBQ and PCIAT

5183/6216: calculated similarity between PBQ and Peds_Migraine

5184/6216: calculated similarity between PBQ and Pegboard

5185/6216: calculated similarity between PBQ and PhenX_Neighborhood

5186/6216: calculated similarity between PBQ and PhenX_Schoo

5187/6216: calculated similarity between PBQ and Physical

5188/6216: calculated similarity between PBQ and PMHS

5189/6216: calculated similarity between PBQ and PPS

5190/6216: calculated similarity between PBQ and PPVT

5191/6216: calculated similarity between PBQ and Pregnancy

5192/6216: calculated similarity between PBQ and PreInt_Demos_Home

5193/6216: calculated similarity between PBQ and PreInt_DevH

5194/6216: calculated similarity between PBQ and PreInt_EduH

5195/6216: calculated similarity between PBQ and PreInt_FamH

5196/6216: calculated similarity between PBQ and PreInt_FamHx_RDC

5197/6216: calculated similarity between PBQ and PreInt_Lang

5198/6216: calculated similarity between PBQ and PreInt_TxH

5199/6216: calculated similarity between PBQ and PSI

5200/6216: calculated similarity between PBQ and RBS

5201/6216: calculated similarity between PBQ and RemoteTask

5202/6216: calculated similarity between PBQ and SAS

5203/6216: calculated similarity between PBQ and SCARED_P

5204/6216: calculated similarity between PBQ and SCARED_SR

5205/6216: calculated similarity between PBQ and SCQ

5206/6216: calculated similarity between PBQ and SDQ

5207/6216: calculated similarity between PBQ and SDS

5208/6216: calculated similarity between PBQ and SRS

5209/6216: calculated similarity between PBQ and SRS_Pre

5210/6216: calculated similarity between PBQ and STAI

5211/6216: calculated similarity between PBQ and SWAN

5212/6216: calculated similarity between PBQ and TRF

5213/6216: calculated similarity between PBQ and TRF_P

5214/6216: calculated similarity between PBQ and Vineland

5215/6216: calculated similarity between PBQ and WAIS

5216/6216: calculated similarity between PBQ and WAIS_abb

5217/6216: calculated similarity between PBQ and WASI

5218/6216: calculated similarity between PBQ and WHODAS_P

5219/6216: calculated similarity between PBQ and WHODAS_SR

5220/6216: calculated similarity between PBQ and WIAT

5221/6216: calculated similarity between PBQ and WISC

5222/6216: calculated similarity between PBQ and YFAS

5223/6216: calculated similarity between PBQ and YFAS_C

5224/6216: calculated similarity between PBQ and YSR

5225/6216: calculated similarity between PBQ and SympChck

5226/6216: calculated similarity between PBS and PCIAT

5227/6216: calculated similarity between PBS and Peds_Migraine

5228/6216: calculated similarity between PBS and Pegboard

5229/6216: calculated similarity between PBS and PhenX_Neighborhood

5230/6216: calculated similarity between PBS and PhenX_Schoo

5231/6216: calculated similarity between PBS and Physical

5232/6216: calculated similarity between PBS and PMHS

5233/6216: calculated similarity between PBS and PPS

5234/6216: calculated similarity between PBS and PPVT

5235/6216: calculated similarity between PBS and Pregnancy

5236/6216: calculated similarity between PBS and PreInt_Demos_Home

5237/6216: calculated similarity between PBS and PreInt_DevH

5238/6216: calculated similarity between PBS and PreInt_EduH

5239/6216: calculated similarity between PBS and PreInt_FamH

5240/6216: calculated similarity between PBS and PreInt_FamHx_RDC

5241/6216: calculated similarity between PBS and PreInt_Lang

5242/6216: calculated similarity between PBS and PreInt_TxH

5243/6216: calculated similarity between PBS and PSI

5244/6216: calculated similarity between PBS and RBS

5245/6216: calculated similarity between PBS and RemoteTask

5246/6216: calculated similarity between PBS and SAS

5247/6216: calculated similarity between PBS and SCARED_P

5248/6216: calculated similarity between PBS and SCARED_SR

5249/6216: calculated similarity between PBS and SCQ

5250/6216: calculated similarity between PBS and SDQ

5251/6216: calculated similarity between PBS and SDS

5252/6216: calculated similarity between PBS and SRS

5253/6216: calculated similarity between PBS and SRS_Pre

5254/6216: calculated similarity between PBS and STAI

5255/6216: calculated similarity between PBS and SWAN

5256/6216: calculated similarity between PBS and TRF

5257/6216: calculated similarity between PBS and TRF_P

5258/6216: calculated similarity between PBS and Vineland

5259/6216: calculated similarity between PBS and WAIS

5260/6216: calculated similarity between PBS and WAIS_abb

5261/6216: calculated similarity between PBS and WASI

5262/6216: calculated similarity between PBS and WHODAS_P

5263/6216: calculated similarity between PBS and WHODAS_SR

5264/6216: calculated similarity between PBS and WIAT

5265/6216: calculated similarity between PBS and WISC

5266/6216: calculated similarity between PBS and YFAS

5267/6216: calculated similarity between PBS and YFAS_C

5268/6216: calculated similarity between PBS and YSR

5269/6216: calculated similarity between PBS and SympChck

5270/6216: calculated similarity between PCIAT and Peds_Migraine

5271/6216: calculated similarity between PCIAT and Pegboard

5272/6216: calculated similarity between PCIAT and PhenX_Neighborhood

5273/6216: calculated similarity between PCIAT and PhenX_Schoo

5274/6216: calculated similarity between PCIAT and Physical

5275/6216: calculated similarity between PCIAT and PMHS

5276/6216: calculated similarity between PCIAT and PPS

5277/6216: calculated similarity between PCIAT and PPVT

5278/6216: calculated similarity between PCIAT and Pregnancy

5279/6216: calculated similarity between PCIAT and PreInt_Demos_Home

5280/6216: calculated similarity between PCIAT and PreInt_DevH

5281/6216: calculated similarity between PCIAT and PreInt_EduH

5282/6216: calculated similarity between PCIAT and PreInt_FamH

5283/6216: calculated similarity between PCIAT and PreInt_FamHx_RDC

5284/6216: calculated similarity between PCIAT and PreInt_Lang

5285/6216: calculated similarity between PCIAT and PreInt_TxH

5286/6216: calculated similarity between PCIAT and PSI

5287/6216: calculated similarity between PCIAT and RBS

5288/6216: calculated similarity between PCIAT and RemoteTask

5289/6216: calculated similarity between PCIAT and SAS

5290/6216: calculated similarity between PCIAT and SCARED_P

5291/6216: calculated similarity between PCIAT and SCARED_SR

5292/6216: calculated similarity between PCIAT and SCQ

5293/6216: calculated similarity between PCIAT and SDQ

5294/6216: calculated similarity between PCIAT and SDS

5295/6216: calculated similarity between PCIAT and SRS

5296/6216: calculated similarity between PCIAT and SRS_Pre

5297/6216: calculated similarity between PCIAT and STAI

5298/6216: calculated similarity between PCIAT and SWAN

5299/6216: calculated similarity between PCIAT and TRF

5300/6216: calculated similarity between PCIAT and TRF_P

5301/6216: calculated similarity between PCIAT and Vineland

5302/6216: calculated similarity between PCIAT and WAIS

5303/6216: calculated similarity between PCIAT and WAIS_abb

5304/6216: calculated similarity between PCIAT and WASI

5305/6216: calculated similarity between PCIAT and WHODAS_P

5306/6216: calculated similarity between PCIAT and WHODAS_SR

5307/6216: calculated similarity between PCIAT and WIAT

5308/6216: calculated similarity between PCIAT and WISC

5309/6216: calculated similarity between PCIAT and YFAS

5310/6216: calculated similarity between PCIAT and YFAS_C

5311/6216: calculated similarity between PCIAT and YSR

5312/6216: calculated similarity between PCIAT and SympChck

5313/6216: calculated similarity between Peds_Migraine and Pegboard

5314/6216: calculated similarity between Peds_Migraine and PhenX_Neighborhood

5315/6216: calculated similarity between Peds_Migraine and PhenX_Schoo

5316/6216: calculated similarity between Peds_Migraine and Physical

5317/6216: calculated similarity between Peds_Migraine and PMHS

5318/6216: calculated similarity between Peds_Migraine and PPS

5319/6216: calculated similarity between Peds_Migraine and PPVT

5320/6216: calculated similarity between Peds_Migraine and Pregnancy

5321/6216: calculated similarity between Peds_Migraine and PreInt_Demos_Home

5322/6216: calculated similarity between Peds_Migraine and PreInt_DevH

5323/6216: calculated similarity between Peds_Migraine and PreInt_EduH

5324/6216: calculated similarity between Peds_Migraine and PreInt_FamH

5325/6216: calculated similarity between Peds_Migraine and PreInt_FamHx_RDC

5326/6216: calculated similarity between Peds_Migraine and PreInt_Lang

5327/6216: calculated similarity between Peds_Migraine and PreInt_TxH

5328/6216: calculated similarity between Peds_Migraine and PSI

5329/6216: calculated similarity between Peds_Migraine and RBS

5330/6216: calculated similarity between Peds_Migraine and RemoteTask

5331/6216: calculated similarity between Peds_Migraine and SAS

5332/6216: calculated similarity between Peds_Migraine and SCARED_P

5333/6216: calculated similarity between Peds_Migraine and SCARED_SR

5334/6216: calculated similarity between Peds_Migraine and SCQ

5335/6216: calculated similarity between Peds_Migraine and SDQ

5336/6216: calculated similarity between Peds_Migraine and SDS

5337/6216: calculated similarity between Peds_Migraine and SRS

5338/6216: calculated similarity between Peds_Migraine and SRS_Pre

5339/6216: calculated similarity between Peds_Migraine and STAI

5340/6216: calculated similarity between Peds_Migraine and SWAN

5341/6216: calculated similarity between Peds_Migraine and TRF

5342/6216: calculated similarity between Peds_Migraine and TRF_P

5343/6216: calculated similarity between Peds_Migraine and Vineland

5344/6216: calculated similarity between Peds_Migraine and WAIS

5345/6216: calculated similarity between Peds_Migraine and WAIS_abb

5346/6216: calculated similarity between Peds_Migraine and WASI

5347/6216: calculated similarity between Peds_Migraine and WHODAS_P

5348/6216: calculated similarity between Peds_Migraine and WHODAS_SR

5349/6216: calculated similarity between Peds_Migraine and WIAT

5350/6216: calculated similarity between Peds_Migraine and WISC

5351/6216: calculated similarity between Peds_Migraine and YFAS

5352/6216: calculated similarity between Peds_Migraine and YFAS_C

5353/6216: calculated similarity between Peds_Migraine and YSR

5354/6216: calculated similarity between Peds_Migraine and SympChck

5355/6216: calculated similarity between Pegboard and PhenX_Neighborhood

5356/6216: calculated similarity between Pegboard and PhenX_Schoo

5357/6216: calculated similarity between Pegboard and Physical

5358/6216: calculated similarity between Pegboard and PMHS

5359/6216: calculated similarity between Pegboard and PPS

5360/6216: calculated similarity between Pegboard and PPVT

5361/6216: calculated similarity between Pegboard and Pregnancy

5362/6216: calculated similarity between Pegboard and PreInt_Demos_Home

5363/6216: calculated similarity between Pegboard and PreInt_DevH

5364/6216: calculated similarity between Pegboard and PreInt_EduH

5365/6216: calculated similarity between Pegboard and PreInt_FamH

5366/6216: calculated similarity between Pegboard and PreInt_FamHx_RDC

5367/6216: calculated similarity between Pegboard and PreInt_Lang

5368/6216: calculated similarity between Pegboard and PreInt_TxH

5369/6216: calculated similarity between Pegboard and PSI

5370/6216: calculated similarity between Pegboard and RBS

5371/6216: calculated similarity between Pegboard and RemoteTask

5372/6216: calculated similarity between Pegboard and SAS

5373/6216: calculated similarity between Pegboard and SCARED_P

5374/6216: calculated similarity between Pegboard and SCARED_SR

5375/6216: calculated similarity between Pegboard and SCQ

5376/6216: calculated similarity between Pegboard and SDQ

5377/6216: calculated similarity between Pegboard and SDS

5378/6216: calculated similarity between Pegboard and SRS

5379/6216: calculated similarity between Pegboard and SRS_Pre

5380/6216: calculated similarity between Pegboard and STAI

5381/6216: calculated similarity between Pegboard and SWAN

5382/6216: calculated similarity between Pegboard and TRF

5383/6216: calculated similarity between Pegboard and TRF_P

5384/6216: calculated similarity between Pegboard and Vineland

5385/6216: calculated similarity between Pegboard and WAIS

5386/6216: calculated similarity between Pegboard and WAIS_abb

5387/6216: calculated similarity between Pegboard and WASI

5388/6216: calculated similarity between Pegboard and WHODAS_P

5389/6216: calculated similarity between Pegboard and WHODAS_SR

5390/6216: calculated similarity between Pegboard and WIAT

5391/6216: calculated similarity between Pegboard and WISC

5392/6216: calculated similarity between Pegboard and YFAS

5393/6216: calculated similarity between Pegboard and YFAS_C

5394/6216: calculated similarity between Pegboard and YSR

5395/6216: calculated similarity between Pegboard and SympChck

5396/6216: calculated similarity between PhenX_Neighborhood and PhenX_Schoo

5397/6216: calculated similarity between PhenX_Neighborhood and Physical

5398/6216: calculated similarity between PhenX_Neighborhood and PMHS

5399/6216: calculated similarity between PhenX_Neighborhood and PPS

5400/6216: calculated similarity between PhenX_Neighborhood and PPVT

5401/6216: calculated similarity between PhenX_Neighborhood and Pregnancy

5402/6216: calculated similarity between PhenX_Neighborhood and PreInt_Demos_Home

5403/6216: calculated similarity between PhenX_Neighborhood and PreInt_DevH

5404/6216: calculated similarity between PhenX_Neighborhood and PreInt_EduH

5405/6216: calculated similarity between PhenX_Neighborhood and PreInt_FamH

5406/6216: calculated similarity between PhenX_Neighborhood and PreInt_FamHx_RDC

5407/6216: calculated similarity between PhenX_Neighborhood and PreInt_Lang

5408/6216: calculated similarity between PhenX_Neighborhood and PreInt_TxH

5409/6216: calculated similarity between PhenX_Neighborhood and PSI

5410/6216: calculated similarity between PhenX_Neighborhood and RBS

5411/6216: calculated similarity between PhenX_Neighborhood and RemoteTask

5412/6216: calculated similarity between PhenX_Neighborhood and SAS

5413/6216: calculated similarity between PhenX_Neighborhood and SCARED_P

5414/6216: calculated similarity between PhenX_Neighborhood and SCARED_SR

5415/6216: calculated similarity between PhenX_Neighborhood and SCQ

5416/6216: calculated similarity between PhenX_Neighborhood and SDQ

5417/6216: calculated similarity between PhenX_Neighborhood and SDS

5418/6216: calculated similarity between PhenX_Neighborhood and SRS

5419/6216: calculated similarity between PhenX_Neighborhood and SRS_Pre

5420/6216: calculated similarity between PhenX_Neighborhood and STAI

5421/6216: calculated similarity between PhenX_Neighborhood and SWAN

5422/6216: calculated similarity between PhenX_Neighborhood and TRF

5423/6216: calculated similarity between PhenX_Neighborhood and TRF_P

5424/6216: calculated similarity between PhenX_Neighborhood and Vineland

5425/6216: calculated similarity between PhenX_Neighborhood and WAIS

5426/6216: calculated similarity between PhenX_Neighborhood and WAIS_abb

5427/6216: calculated similarity between PhenX_Neighborhood and WASI

5428/6216: calculated similarity between PhenX_Neighborhood and WHODAS_P

5429/6216: calculated similarity between PhenX_Neighborhood and WHODAS_SR

5430/6216: calculated similarity between PhenX_Neighborhood and WIAT

5431/6216: calculated similarity between PhenX_Neighborhood and WISC

5432/6216: calculated similarity between PhenX_Neighborhood and YFAS

5433/6216: calculated similarity between PhenX_Neighborhood and YFAS_C

5434/6216: calculated similarity between PhenX_Neighborhood and YSR

5435/6216: calculated similarity between PhenX_Neighborhood and SympChck

5436/6216: calculated similarity between PhenX_Schoo and Physical

5437/6216: calculated similarity between PhenX_Schoo and PMHS

5438/6216: calculated similarity between PhenX_Schoo and PPS

5439/6216: calculated similarity between PhenX_Schoo and PPVT

5440/6216: calculated similarity between PhenX_Schoo and Pregnancy

5441/6216: calculated similarity between PhenX_Schoo and PreInt_Demos_Home

5442/6216: calculated similarity between PhenX_Schoo and PreInt_DevH

5443/6216: calculated similarity between PhenX_Schoo and PreInt_EduH

5444/6216: calculated similarity between PhenX_Schoo and PreInt_FamH

5445/6216: calculated similarity between PhenX_Schoo and PreInt_FamHx_RDC

5446/6216: calculated similarity between PhenX_Schoo and PreInt_Lang

5447/6216: calculated similarity between PhenX_Schoo and PreInt_TxH

5448/6216: calculated similarity between PhenX_Schoo and PSI

5449/6216: calculated similarity between PhenX_Schoo and RBS

5450/6216: calculated similarity between PhenX_Schoo and RemoteTask

5451/6216: calculated similarity between PhenX_Schoo and SAS

5452/6216: calculated similarity between PhenX_Schoo and SCARED_P

5453/6216: calculated similarity between PhenX_Schoo and SCARED_SR

5454/6216: calculated similarity between PhenX_Schoo and SCQ

5455/6216: calculated similarity between PhenX_Schoo and SDQ

5456/6216: calculated similarity between PhenX_Schoo and SDS

5457/6216: calculated similarity between PhenX_Schoo and SRS

5458/6216: calculated similarity between PhenX_Schoo and SRS_Pre

5459/6216: calculated similarity between PhenX_Schoo and STAI

5460/6216: calculated similarity between PhenX_Schoo and SWAN

5461/6216: calculated similarity between PhenX_Schoo and TRF

5462/6216: calculated similarity between PhenX_Schoo and TRF_P

5463/6216: calculated similarity between PhenX_Schoo and Vineland

5464/6216: calculated similarity between PhenX_Schoo and WAIS

5465/6216: calculated similarity between PhenX_Schoo and WAIS_abb

5466/6216: calculated similarity between PhenX_Schoo and WASI

5467/6216: calculated similarity between PhenX_Schoo and WHODAS_P

5468/6216: calculated similarity between PhenX_Schoo and WHODAS_SR

5469/6216: calculated similarity between PhenX_Schoo and WIAT

5470/6216: calculated similarity between PhenX_Schoo and WISC

5471/6216: calculated similarity between PhenX_Schoo and YFAS

5472/6216: calculated similarity between PhenX_Schoo and YFAS_C

5473/6216: calculated similarity between PhenX_Schoo and YSR

5474/6216: calculated similarity between PhenX_Schoo and SympChck

5475/6216: calculated similarity between Physical and PMHS

5476/6216: calculated similarity between Physical and PPS

5477/6216: calculated similarity between Physical and PPVT

5478/6216: calculated similarity between Physical and Pregnancy

5479/6216: calculated similarity between Physical and PreInt_Demos_Home

5480/6216: calculated similarity between Physical and PreInt_DevH

5481/6216: calculated similarity between Physical and PreInt_EduH

5482/6216: calculated similarity between Physical and PreInt_FamH

5483/6216: calculated similarity between Physical and PreInt_FamHx_RDC

5484/6216: calculated similarity between Physical and PreInt_Lang

5485/6216: calculated similarity between Physical and PreInt_TxH

5486/6216: calculated similarity between Physical and PSI

5487/6216: calculated similarity between Physical and RBS

5488/6216: calculated similarity between Physical and RemoteTask

5489/6216: calculated similarity between Physical and SAS

5490/6216: calculated similarity between Physical and SCARED_P

5491/6216: calculated similarity between Physical and SCARED_SR

5492/6216: calculated similarity between Physical and SCQ

5493/6216: calculated similarity between Physical and SDQ

5494/6216: calculated similarity between Physical and SDS

5495/6216: calculated similarity between Physical and SRS

5496/6216: calculated similarity between Physical and SRS_Pre

5497/6216: calculated similarity between Physical and STAI

5498/6216: calculated similarity between Physical and SWAN

5499/6216: calculated similarity between Physical and TRF

5500/6216: calculated similarity between Physical and TRF_P

5501/6216: calculated similarity between Physical and Vineland

5502/6216: calculated similarity between Physical and WAIS

5503/6216: calculated similarity between Physical and WAIS_abb

5504/6216: calculated similarity between Physical and WASI

5505/6216: calculated similarity between Physical and WHODAS_P

5506/6216: calculated similarity between Physical and WHODAS_SR

5507/6216: calculated similarity between Physical and WIAT

5508/6216: calculated similarity between Physical and WISC

5509/6216: calculated similarity between Physical and YFAS

5510/6216: calculated similarity between Physical and YFAS_C

5511/6216: calculated similarity between Physical and YSR

5512/6216: calculated similarity between Physical and SympChck

5513/6216: calculated similarity between PMHS and PPS

5514/6216: calculated similarity between PMHS and PPVT

5515/6216: calculated similarity between PMHS and Pregnancy

5516/6216: calculated similarity between PMHS and PreInt_Demos_Home

5517/6216: calculated similarity between PMHS and PreInt_DevH

5518/6216: calculated similarity between PMHS and PreInt_EduH

5519/6216: calculated similarity between PMHS and PreInt_FamH

5520/6216: calculated similarity between PMHS and PreInt_FamHx_RDC

5521/6216: calculated similarity between PMHS and PreInt_Lang

5522/6216: calculated similarity between PMHS and PreInt_TxH

5523/6216: calculated similarity between PMHS and PSI

5524/6216: calculated similarity between PMHS and RBS

5525/6216: calculated similarity between PMHS and RemoteTask

5526/6216: calculated similarity between PMHS and SAS

5527/6216: calculated similarity between PMHS and SCARED_P

5528/6216: calculated similarity between PMHS and SCARED_SR

5529/6216: calculated similarity between PMHS and SCQ

5530/6216: calculated similarity between PMHS and SDQ

5531/6216: calculated similarity between PMHS and SDS

5532/6216: calculated similarity between PMHS and SRS

5533/6216: calculated similarity between PMHS and SRS_Pre

5534/6216: calculated similarity between PMHS and STAI

5535/6216: calculated similarity between PMHS and SWAN

5536/6216: calculated similarity between PMHS and TRF

5537/6216: calculated similarity between PMHS and TRF_P

5538/6216: calculated similarity between PMHS and Vineland

5539/6216: calculated similarity between PMHS and WAIS

5540/6216: calculated similarity between PMHS and WAIS_abb

5541/6216: calculated similarity between PMHS and WASI

5542/6216: calculated similarity between PMHS and WHODAS_P

5543/6216: calculated similarity between PMHS and WHODAS_SR

5544/6216: calculated similarity between PMHS and WIAT

5545/6216: calculated similarity between PMHS and WISC

5546/6216: calculated similarity between PMHS and YFAS

5547/6216: calculated similarity between PMHS and YFAS_C

5548/6216: calculated similarity between PMHS and YSR

5549/6216: calculated similarity between PMHS and SympChck

5550/6216: calculated similarity between PPS and PPVT

5551/6216: calculated similarity between PPS and Pregnancy

5552/6216: calculated similarity between PPS and PreInt_Demos_Home

5553/6216: calculated similarity between PPS and PreInt_DevH

5554/6216: calculated similarity between PPS and PreInt_EduH

5555/6216: calculated similarity between PPS and PreInt_FamH

5556/6216: calculated similarity between PPS and PreInt_FamHx_RDC

5557/6216: calculated similarity between PPS and PreInt_Lang

5558/6216: calculated similarity between PPS and PreInt_TxH

5559/6216: calculated similarity between PPS and PSI

5560/6216: calculated similarity between PPS and RBS

5561/6216: calculated similarity between PPS and RemoteTask

5562/6216: calculated similarity between PPS and SAS

5563/6216: calculated similarity between PPS and SCARED_P

5564/6216: calculated similarity between PPS and SCARED_SR

5565/6216: calculated similarity between PPS and SCQ

5566/6216: calculated similarity between PPS and SDQ

5567/6216: calculated similarity between PPS and SDS

5568/6216: calculated similarity between PPS and SRS

5569/6216: calculated similarity between PPS and SRS_Pre

5570/6216: calculated similarity between PPS and STAI

5571/6216: calculated similarity between PPS and SWAN

5572/6216: calculated similarity between PPS and TRF

5573/6216: calculated similarity between PPS and TRF_P

5574/6216: calculated similarity between PPS and Vineland

5575/6216: calculated similarity between PPS and WAIS

5576/6216: calculated similarity between PPS and WAIS_abb

5577/6216: calculated similarity between PPS and WASI

5578/6216: calculated similarity between PPS and WHODAS_P

5579/6216: calculated similarity between PPS and WHODAS_SR

5580/6216: calculated similarity between PPS and WIAT

5581/6216: calculated similarity between PPS and WISC

5582/6216: calculated similarity between PPS and YFAS

5583/6216: calculated similarity between PPS and YFAS_C

5584/6216: calculated similarity between PPS and YSR

5585/6216: calculated similarity between PPS and SympChck

5586/6216: calculated similarity between PPVT and Pregnancy

5587/6216: calculated similarity between PPVT and PreInt_Demos_Home

5588/6216: calculated similarity between PPVT and PreInt_DevH

5589/6216: calculated similarity between PPVT and PreInt_EduH

5590/6216: calculated similarity between PPVT and PreInt_FamH

5591/6216: calculated similarity between PPVT and PreInt_FamHx_RDC

5592/6216: calculated similarity between PPVT and PreInt_Lang

5593/6216: calculated similarity between PPVT and PreInt_TxH

5594/6216: calculated similarity between PPVT and PSI

5595/6216: calculated similarity between PPVT and RBS

5596/6216: calculated similarity between PPVT and RemoteTask

5597/6216: calculated similarity between PPVT and SAS

5598/6216: calculated similarity between PPVT and SCARED_P

5599/6216: calculated similarity between PPVT and SCARED_SR

5600/6216: calculated similarity between PPVT and SCQ

5601/6216: calculated similarity between PPVT and SDQ

5602/6216: calculated similarity between PPVT and SDS

5603/6216: calculated similarity between PPVT and SRS

5604/6216: calculated similarity between PPVT and SRS_Pre

5605/6216: calculated similarity between PPVT and STAI

5606/6216: calculated similarity between PPVT and SWAN

5607/6216: calculated similarity between PPVT and TRF

5608/6216: calculated similarity between PPVT and TRF_P

5609/6216: calculated similarity between PPVT and Vineland

5610/6216: calculated similarity between PPVT and WAIS

5611/6216: calculated similarity between PPVT and WAIS_abb

5612/6216: calculated similarity between PPVT and WASI

5613/6216: calculated similarity between PPVT and WHODAS_P

5614/6216: calculated similarity between PPVT and WHODAS_SR

5615/6216: calculated similarity between PPVT and WIAT

5616/6216: calculated similarity between PPVT and WISC

5617/6216: calculated similarity between PPVT and YFAS

5618/6216: calculated similarity between PPVT and YFAS_C

5619/6216: calculated similarity between PPVT and YSR

5620/6216: calculated similarity between PPVT and SympChck

5621/6216: calculated similarity between Pregnancy and PreInt_Demos_Home

5622/6216: calculated similarity between Pregnancy and PreInt_DevH

5623/6216: calculated similarity between Pregnancy and PreInt_EduH

5624/6216: calculated similarity between Pregnancy and PreInt_FamH

5625/6216: calculated similarity between Pregnancy and PreInt_FamHx_RDC

5626/6216: calculated similarity between Pregnancy and PreInt_Lang

5627/6216: calculated similarity between Pregnancy and PreInt_TxH

5628/6216: calculated similarity between Pregnancy and PSI

5629/6216: calculated similarity between Pregnancy and RBS

5630/6216: calculated similarity between Pregnancy and RemoteTask

5631/6216: calculated similarity between Pregnancy and SAS

5632/6216: calculated similarity between Pregnancy and SCARED_P

5633/6216: calculated similarity between Pregnancy and SCARED_SR

5634/6216: calculated similarity between Pregnancy and SCQ

5635/6216: calculated similarity between Pregnancy and SDQ

5636/6216: calculated similarity between Pregnancy and SDS

5637/6216: calculated similarity between Pregnancy and SRS

5638/6216: calculated similarity between Pregnancy and SRS_Pre

5639/6216: calculated similarity between Pregnancy and STAI

5640/6216: calculated similarity between Pregnancy and SWAN

5641/6216: calculated similarity between Pregnancy and TRF

5642/6216: calculated similarity between Pregnancy and TRF_P

5643/6216: calculated similarity between Pregnancy and Vineland

5644/6216: calculated similarity between Pregnancy and WAIS

5645/6216: calculated similarity between Pregnancy and WAIS_abb

5646/6216: calculated similarity between Pregnancy and WASI

5647/6216: calculated similarity between Pregnancy and WHODAS_P

5648/6216: calculated similarity between Pregnancy and WHODAS_SR

5649/6216: calculated similarity between Pregnancy and WIAT

5650/6216: calculated similarity between Pregnancy and WISC

5651/6216: calculated similarity between Pregnancy and YFAS

5652/6216: calculated similarity between Pregnancy and YFAS_C

5653/6216: calculated similarity between Pregnancy and YSR

5654/6216: calculated similarity between Pregnancy and SympChck

5655/6216: calculated similarity between PreInt_Demos_Home and PreInt_DevH

5656/6216: calculated similarity between PreInt_Demos_Home and PreInt_EduH

5657/6216: calculated similarity between PreInt_Demos_Home and PreInt_FamH

5658/6216: calculated similarity between PreInt_Demos_Home and PreInt_FamHx_RDC

5659/6216: calculated similarity between PreInt_Demos_Home and PreInt_Lang

5660/6216: calculated similarity between PreInt_Demos_Home and PreInt_TxH

5661/6216: calculated similarity between PreInt_Demos_Home and PSI

5662/6216: calculated similarity between PreInt_Demos_Home and RBS

5663/6216: calculated similarity between PreInt_Demos_Home and RemoteTask

5664/6216: calculated similarity between PreInt_Demos_Home and SAS

5665/6216: calculated similarity between PreInt_Demos_Home and SCARED_P

5666/6216: calculated similarity between PreInt_Demos_Home and SCARED_SR

5667/6216: calculated similarity between PreInt_Demos_Home and SCQ

5668/6216: calculated similarity between PreInt_Demos_Home and SDQ

5669/6216: calculated similarity between PreInt_Demos_Home and SDS

5670/6216: calculated similarity between PreInt_Demos_Home and SRS

5671/6216: calculated similarity between PreInt_Demos_Home and SRS_Pre

5672/6216: calculated similarity between PreInt_Demos_Home and STAI

5673/6216: calculated similarity between PreInt_Demos_Home and SWAN

5674/6216: calculated similarity between PreInt_Demos_Home and TRF

5675/6216: calculated similarity between PreInt_Demos_Home and TRF_P

5676/6216: calculated similarity between PreInt_Demos_Home and Vineland

5677/6216: calculated similarity between PreInt_Demos_Home and WAIS

5678/6216: calculated similarity between PreInt_Demos_Home and WAIS_abb

5679/6216: calculated similarity between PreInt_Demos_Home and WASI

5680/6216: calculated similarity between PreInt_Demos_Home and WHODAS_P

5681/6216: calculated similarity between PreInt_Demos_Home and WHODAS_SR

5682/6216: calculated similarity between PreInt_Demos_Home and WIAT

5683/6216: calculated similarity between PreInt_Demos_Home and WISC

5684/6216: calculated similarity between PreInt_Demos_Home and YFAS

5685/6216: calculated similarity between PreInt_Demos_Home and YFAS_C

5686/6216: calculated similarity between PreInt_Demos_Home and YSR

5687/6216: calculated similarity between PreInt_Demos_Home and SympChck

5688/6216: calculated similarity between PreInt_DevH and PreInt_EduH

5689/6216: calculated similarity between PreInt_DevH and PreInt_FamH

5690/6216: calculated similarity between PreInt_DevH and PreInt_FamHx_RDC

5691/6216: calculated similarity between PreInt_DevH and PreInt_Lang

5692/6216: calculated similarity between PreInt_DevH and PreInt_TxH

5693/6216: calculated similarity between PreInt_DevH and PSI

5694/6216: calculated similarity between PreInt_DevH and RBS

5695/6216: calculated similarity between PreInt_DevH and RemoteTask

5696/6216: calculated similarity between PreInt_DevH and SAS

5697/6216: calculated similarity between PreInt_DevH and SCARED_P

5698/6216: calculated similarity between PreInt_DevH and SCARED_SR

5699/6216: calculated similarity between PreInt_DevH and SCQ

5700/6216: calculated similarity between PreInt_DevH and SDQ

5701/6216: calculated similarity between PreInt_DevH and SDS

5702/6216: calculated similarity between PreInt_DevH and SRS

5703/6216: calculated similarity between PreInt_DevH and SRS_Pre

5704/6216: calculated similarity between PreInt_DevH and STAI

5705/6216: calculated similarity between PreInt_DevH and SWAN

5706/6216: calculated similarity between PreInt_DevH and TRF

5707/6216: calculated similarity between PreInt_DevH and TRF_P

5708/6216: calculated similarity between PreInt_DevH and Vineland

5709/6216: calculated similarity between PreInt_DevH and WAIS

5710/6216: calculated similarity between PreInt_DevH and WAIS_abb

5711/6216: calculated similarity between PreInt_DevH and WASI

5712/6216: calculated similarity between PreInt_DevH and WHODAS_P

5713/6216: calculated similarity between PreInt_DevH and WHODAS_SR

5714/6216: calculated similarity between PreInt_DevH and WIAT

5715/6216: calculated similarity between PreInt_DevH and WISC

5716/6216: calculated similarity between PreInt_DevH and YFAS

5717/6216: calculated similarity between PreInt_DevH and YFAS_C

5718/6216: calculated similarity between PreInt_DevH and YSR

5719/6216: calculated similarity between PreInt_DevH and SympChck

5720/6216: calculated similarity between PreInt_EduH and PreInt_FamH

5721/6216: calculated similarity between PreInt_EduH and PreInt_FamHx_RDC

5722/6216: calculated similarity between PreInt_EduH and PreInt_Lang

5723/6216: calculated similarity between PreInt_EduH and PreInt_TxH

5724/6216: calculated similarity between PreInt_EduH and PSI

5725/6216: calculated similarity between PreInt_EduH and RBS

5726/6216: calculated similarity between PreInt_EduH and RemoteTask

5727/6216: calculated similarity between PreInt_EduH and SAS

5728/6216: calculated similarity between PreInt_EduH and SCARED_P

5729/6216: calculated similarity between PreInt_EduH and SCARED_SR

5730/6216: calculated similarity between PreInt_EduH and SCQ

5731/6216: calculated similarity between PreInt_EduH and SDQ

5732/6216: calculated similarity between PreInt_EduH and SDS

5733/6216: calculated similarity between PreInt_EduH and SRS

5734/6216: calculated similarity between PreInt_EduH and SRS_Pre

5735/6216: calculated similarity between PreInt_EduH and STAI

5736/6216: calculated similarity between PreInt_EduH and SWAN

5737/6216: calculated similarity between PreInt_EduH and TRF

5738/6216: calculated similarity between PreInt_EduH and TRF_P

5739/6216: calculated similarity between PreInt_EduH and Vineland

5740/6216: calculated similarity between PreInt_EduH and WAIS

5741/6216: calculated similarity between PreInt_EduH and WAIS_abb

5742/6216: calculated similarity between PreInt_EduH and WASI

5743/6216: calculated similarity between PreInt_EduH and WHODAS_P

5744/6216: calculated similarity between PreInt_EduH and WHODAS_SR

5745/6216: calculated similarity between PreInt_EduH and WIAT

5746/6216: calculated similarity between PreInt_EduH and WISC

5747/6216: calculated similarity between PreInt_EduH and YFAS

5748/6216: calculated similarity between PreInt_EduH and YFAS_C

5749/6216: calculated similarity between PreInt_EduH and YSR

5750/6216: calculated similarity between PreInt_EduH and SympChck

5751/6216: calculated similarity between PreInt_FamH and PreInt_FamHx_RDC

5752/6216: calculated similarity between PreInt_FamH and PreInt_Lang

5753/6216: calculated similarity between PreInt_FamH and PreInt_TxH

5754/6216: calculated similarity between PreInt_FamH and PSI

5755/6216: calculated similarity between PreInt_FamH and RBS

5756/6216: calculated similarity between PreInt_FamH and RemoteTask

5757/6216: calculated similarity between PreInt_FamH and SAS

5758/6216: calculated similarity between PreInt_FamH and SCARED_P

5759/6216: calculated similarity between PreInt_FamH and SCARED_SR

5760/6216: calculated similarity between PreInt_FamH and SCQ

5761/6216: calculated similarity between PreInt_FamH and SDQ

5762/6216: calculated similarity between PreInt_FamH and SDS

5763/6216: calculated similarity between PreInt_FamH and SRS

5764/6216: calculated similarity between PreInt_FamH and SRS_Pre

5765/6216: calculated similarity between PreInt_FamH and STAI

5766/6216: calculated similarity between PreInt_FamH and SWAN

5767/6216: calculated similarity between PreInt_FamH and TRF

5768/6216: calculated similarity between PreInt_FamH and TRF_P

5769/6216: calculated similarity between PreInt_FamH and Vineland

5770/6216: calculated similarity between PreInt_FamH and WAIS

5771/6216: calculated similarity between PreInt_FamH and WAIS_abb

5772/6216: calculated similarity between PreInt_FamH and WASI

5773/6216: calculated similarity between PreInt_FamH and WHODAS_P

5774/6216: calculated similarity between PreInt_FamH and WHODAS_SR

5775/6216: calculated similarity between PreInt_FamH and WIAT

5776/6216: calculated similarity between PreInt_FamH and WISC

5777/6216: calculated similarity between PreInt_FamH and YFAS

5778/6216: calculated similarity between PreInt_FamH and YFAS_C

5779/6216: calculated similarity between PreInt_FamH and YSR

5780/6216: calculated similarity between PreInt_FamH and SympChck

5781/6216: calculated similarity between PreInt_FamHx_RDC and PreInt_Lang

5782/6216: calculated similarity between PreInt_FamHx_RDC and PreInt_TxH

5783/6216: calculated similarity between PreInt_FamHx_RDC and PSI

5784/6216: calculated similarity between PreInt_FamHx_RDC and RBS

5785/6216: calculated similarity between PreInt_FamHx_RDC and RemoteTask

5786/6216: calculated similarity between PreInt_FamHx_RDC and SAS

5787/6216: calculated similarity between PreInt_FamHx_RDC and SCARED_P

5788/6216: calculated similarity between PreInt_FamHx_RDC and SCARED_SR

5789/6216: calculated similarity between PreInt_FamHx_RDC and SCQ

5790/6216: calculated similarity between PreInt_FamHx_RDC and SDQ

5791/6216: calculated similarity between PreInt_FamHx_RDC and SDS

5792/6216: calculated similarity between PreInt_FamHx_RDC and SRS

5793/6216: calculated similarity between PreInt_FamHx_RDC and SRS_Pre

5794/6216: calculated similarity between PreInt_FamHx_RDC and STAI

5795/6216: calculated similarity between PreInt_FamHx_RDC and SWAN

5796/6216: calculated similarity between PreInt_FamHx_RDC and TRF

5797/6216: calculated similarity between PreInt_FamHx_RDC and TRF_P

5798/6216: calculated similarity between PreInt_FamHx_RDC and Vineland

5799/6216: calculated similarity between PreInt_FamHx_RDC and WAIS

5800/6216: calculated similarity between PreInt_FamHx_RDC and WAIS_abb

5801/6216: calculated similarity between PreInt_FamHx_RDC and WASI

5802/6216: calculated similarity between PreInt_FamHx_RDC and WHODAS_P

5803/6216: calculated similarity between PreInt_FamHx_RDC and WHODAS_SR

5804/6216: calculated similarity between PreInt_FamHx_RDC and WIAT

5805/6216: calculated similarity between PreInt_FamHx_RDC and WISC

5806/6216: calculated similarity between PreInt_FamHx_RDC and YFAS

5807/6216: calculated similarity between PreInt_FamHx_RDC and YFAS_C

5808/6216: calculated similarity between PreInt_FamHx_RDC and YSR

5809/6216: calculated similarity between PreInt_FamHx_RDC and SympChck

5810/6216: calculated similarity between PreInt_Lang and PreInt_TxH

5811/6216: calculated similarity between PreInt_Lang and PSI

5812/6216: calculated similarity between PreInt_Lang and RBS

5813/6216: calculated similarity between PreInt_Lang and RemoteTask

5814/6216: calculated similarity between PreInt_Lang and SAS

5815/6216: calculated similarity between PreInt_Lang and SCARED_P

5816/6216: calculated similarity between PreInt_Lang and SCARED_SR

5817/6216: calculated similarity between PreInt_Lang and SCQ

5818/6216: calculated similarity between PreInt_Lang and SDQ

5819/6216: calculated similarity between PreInt_Lang and SDS

5820/6216: calculated similarity between PreInt_Lang and SRS

5821/6216: calculated similarity between PreInt_Lang and SRS_Pre

5822/6216: calculated similarity between PreInt_Lang and STAI

5823/6216: calculated similarity between PreInt_Lang and SWAN

5824/6216: calculated similarity between PreInt_Lang and TRF

5825/6216: calculated similarity between PreInt_Lang and TRF_P

5826/6216: calculated similarity between PreInt_Lang and Vineland

5827/6216: calculated similarity between PreInt_Lang and WAIS

5828/6216: calculated similarity between PreInt_Lang and WAIS_abb

5829/6216: calculated similarity between PreInt_Lang and WASI

5830/6216: calculated similarity between PreInt_Lang and WHODAS_P

5831/6216: calculated similarity between PreInt_Lang and WHODAS_SR

5832/6216: calculated similarity between PreInt_Lang and WIAT

5833/6216: calculated similarity between PreInt_Lang and WISC

5834/6216: calculated similarity between PreInt_Lang and YFAS

5835/6216: calculated similarity between PreInt_Lang and YFAS_C

5836/6216: calculated similarity between PreInt_Lang and YSR

5837/6216: calculated similarity between PreInt_Lang and SympChck

5838/6216: calculated similarity between PreInt_TxH and PSI

5839/6216: calculated similarity between PreInt_TxH and RBS

5840/6216: calculated similarity between PreInt_TxH and RemoteTask

5841/6216: calculated similarity between PreInt_TxH and SAS

5842/6216: calculated similarity between PreInt_TxH and SCARED_P

5843/6216: calculated similarity between PreInt_TxH and SCARED_SR

5844/6216: calculated similarity between PreInt_TxH and SCQ

5845/6216: calculated similarity between PreInt_TxH and SDQ

5846/6216: calculated similarity between PreInt_TxH and SDS

5847/6216: calculated similarity between PreInt_TxH and SRS

5848/6216: calculated similarity between PreInt_TxH and SRS_Pre

5849/6216: calculated similarity between PreInt_TxH and STAI

5850/6216: calculated similarity between PreInt_TxH and SWAN

5851/6216: calculated similarity between PreInt_TxH and TRF

5852/6216: calculated similarity between PreInt_TxH and TRF_P

5853/6216: calculated similarity between PreInt_TxH and Vineland

5854/6216: calculated similarity between PreInt_TxH and WAIS

5855/6216: calculated similarity between PreInt_TxH and WAIS_abb

5856/6216: calculated similarity between PreInt_TxH and WASI

5857/6216: calculated similarity between PreInt_TxH and WHODAS_P

5858/6216: calculated similarity between PreInt_TxH and WHODAS_SR

5859/6216: calculated similarity between PreInt_TxH and WIAT

5860/6216: calculated similarity between PreInt_TxH and WISC

5861/6216: calculated similarity between PreInt_TxH and YFAS

5862/6216: calculated similarity between PreInt_TxH and YFAS_C

5863/6216: calculated similarity between PreInt_TxH and YSR

5864/6216: calculated similarity between PreInt_TxH and SympChck

5865/6216: calculated similarity between PSI and RBS

5866/6216: calculated similarity between PSI and RemoteTask

5867/6216: calculated similarity between PSI and SAS

5868/6216: calculated similarity between PSI and SCARED_P

5869/6216: calculated similarity between PSI and SCARED_SR

5870/6216: calculated similarity between PSI and SCQ

5871/6216: calculated similarity between PSI and SDQ

5872/6216: calculated similarity between PSI and SDS

5873/6216: calculated similarity between PSI and SRS

5874/6216: calculated similarity between PSI and SRS_Pre

5875/6216: calculated similarity between PSI and STAI

5876/6216: calculated similarity between PSI and SWAN

5877/6216: calculated similarity between PSI and TRF

5878/6216: calculated similarity between PSI and TRF_P

5879/6216: calculated similarity between PSI and Vineland

5880/6216: calculated similarity between PSI and WAIS

5881/6216: calculated similarity between PSI and WAIS_abb

5882/6216: calculated similarity between PSI and WASI

5883/6216: calculated similarity between PSI and WHODAS_P

5884/6216: calculated similarity between PSI and WHODAS_SR

5885/6216: calculated similarity between PSI and WIAT

5886/6216: calculated similarity between PSI and WISC

5887/6216: calculated similarity between PSI and YFAS

5888/6216: calculated similarity between PSI and YFAS_C

5889/6216: calculated similarity between PSI and YSR

5890/6216: calculated similarity between PSI and SympChck

5891/6216: calculated similarity between RBS and RemoteTask

5892/6216: calculated similarity between RBS and SAS

5893/6216: calculated similarity between RBS and SCARED_P

5894/6216: calculated similarity between RBS and SCARED_SR

5895/6216: calculated similarity between RBS and SCQ

5896/6216: calculated similarity between RBS and SDQ

5897/6216: calculated similarity between RBS and SDS

5898/6216: calculated similarity between RBS and SRS

5899/6216: calculated similarity between RBS and SRS_Pre

5900/6216: calculated similarity between RBS and STAI

5901/6216: calculated similarity between RBS and SWAN

5902/6216: calculated similarity between RBS and TRF

5903/6216: calculated similarity between RBS and TRF_P

5904/6216: calculated similarity between RBS and Vineland

5905/6216: calculated similarity between RBS and WAIS

5906/6216: calculated similarity between RBS and WAIS_abb

5907/6216: calculated similarity between RBS and WASI

5908/6216: calculated similarity between RBS and WHODAS_P

5909/6216: calculated similarity between RBS and WHODAS_SR

5910/6216: calculated similarity between RBS and WIAT

5911/6216: calculated similarity between RBS and WISC

5912/6216: calculated similarity between RBS and YFAS

5913/6216: calculated similarity between RBS and YFAS_C

5914/6216: calculated similarity between RBS and YSR

5915/6216: calculated similarity between RBS and SympChck

5916/6216: calculated similarity between RemoteTask and SAS

5917/6216: calculated similarity between RemoteTask and SCARED_P

5918/6216: calculated similarity between RemoteTask and SCARED_SR

5919/6216: calculated similarity between RemoteTask and SCQ

5920/6216: calculated similarity between RemoteTask and SDQ

5921/6216: calculated similarity between RemoteTask and SDS

5922/6216: calculated similarity between RemoteTask and SRS

5923/6216: calculated similarity between RemoteTask and SRS_Pre

5924/6216: calculated similarity between RemoteTask and STAI

5925/6216: calculated similarity between RemoteTask and SWAN

5926/6216: calculated similarity between RemoteTask and TRF

5927/6216: calculated similarity between RemoteTask and TRF_P

5928/6216: calculated similarity between RemoteTask and Vineland

5929/6216: calculated similarity between RemoteTask and WAIS

5930/6216: calculated similarity between RemoteTask and WAIS_abb

5931/6216: calculated similarity between RemoteTask and WASI

5932/6216: calculated similarity between RemoteTask and WHODAS_P

5933/6216: calculated similarity between RemoteTask and WHODAS_SR

5934/6216: calculated similarity between RemoteTask and WIAT

5935/6216: calculated similarity between RemoteTask and WISC

5936/6216: calculated similarity between RemoteTask and YFAS

5937/6216: calculated similarity between RemoteTask and YFAS_C

5938/6216: calculated similarity between RemoteTask and YSR

5939/6216: calculated similarity between RemoteTask and SympChck

5940/6216: calculated similarity between SAS and SCARED_P

5941/6216: calculated similarity between SAS and SCARED_SR

5942/6216: calculated similarity between SAS and SCQ

5943/6216: calculated similarity between SAS and SDQ

5944/6216: calculated similarity between SAS and SDS

5945/6216: calculated similarity between SAS and SRS

5946/6216: calculated similarity between SAS and SRS_Pre

5947/6216: calculated similarity between SAS and STAI

5948/6216: calculated similarity between SAS and SWAN

5949/6216: calculated similarity between SAS and TRF

5950/6216: calculated similarity between SAS and TRF_P

5951/6216: calculated similarity between SAS and Vineland

5952/6216: calculated similarity between SAS and WAIS

5953/6216: calculated similarity between SAS and WAIS_abb

5954/6216: calculated similarity between SAS and WASI

5955/6216: calculated similarity between SAS and WHODAS_P

5956/6216: calculated similarity between SAS and WHODAS_SR

5957/6216: calculated similarity between SAS and WIAT

5958/6216: calculated similarity between SAS and WISC

5959/6216: calculated similarity between SAS and YFAS

5960/6216: calculated similarity between SAS and YFAS_C

5961/6216: calculated similarity between SAS and YSR

5962/6216: calculated similarity between SAS and SympChck

5963/6216: calculated similarity between SCARED_P and SCARED_SR

5964/6216: calculated similarity between SCARED_P and SCQ

5965/6216: calculated similarity between SCARED_P and SDQ

5966/6216: calculated similarity between SCARED_P and SDS

5967/6216: calculated similarity between SCARED_P and SRS

5968/6216: calculated similarity between SCARED_P and SRS_Pre

5969/6216: calculated similarity between SCARED_P and STAI

5970/6216: calculated similarity between SCARED_P and SWAN

5971/6216: calculated similarity between SCARED_P and TRF

5972/6216: calculated similarity between SCARED_P and TRF_P

5973/6216: calculated similarity between SCARED_P and Vineland

5974/6216: calculated similarity between SCARED_P and WAIS

5975/6216: calculated similarity between SCARED_P and WAIS_abb

5976/6216: calculated similarity between SCARED_P and WASI

5977/6216: calculated similarity between SCARED_P and WHODAS_P

5978/6216: calculated similarity between SCARED_P and WHODAS_SR

5979/6216: calculated similarity between SCARED_P and WIAT

5980/6216: calculated similarity between SCARED_P and WISC

5981/6216: calculated similarity between SCARED_P and YFAS

5982/6216: calculated similarity between SCARED_P and YFAS_C

5983/6216: calculated similarity between SCARED_P and YSR

5984/6216: calculated similarity between SCARED_P and SympChck

5985/6216: calculated similarity between SCARED_SR and SCQ

5986/6216: calculated similarity between SCARED_SR and SDQ

5987/6216: calculated similarity between SCARED_SR and SDS

5988/6216: calculated similarity between SCARED_SR and SRS

5989/6216: calculated similarity between SCARED_SR and SRS_Pre

5990/6216: calculated similarity between SCARED_SR and STAI

5991/6216: calculated similarity between SCARED_SR and SWAN

5992/6216: calculated similarity between SCARED_SR and TRF

5993/6216: calculated similarity between SCARED_SR and TRF_P

5994/6216: calculated similarity between SCARED_SR and Vineland

5995/6216: calculated similarity between SCARED_SR and WAIS

5996/6216: calculated similarity between SCARED_SR and WAIS_abb

5997/6216: calculated similarity between SCARED_SR and WASI

5998/6216: calculated similarity between SCARED_SR and WHODAS_P

5999/6216: calculated similarity between SCARED_SR and WHODAS_SR

6000/6216: calculated similarity between SCARED_SR and WIAT

6001/6216: calculated similarity between SCARED_SR and WISC

6002/6216: calculated similarity between SCARED_SR and YFAS

6003/6216: calculated similarity between SCARED_SR and YFAS_C

6004/6216: calculated similarity between SCARED_SR and YSR

6005/6216: calculated similarity between SCARED_SR and SympChck

6006/6216: calculated similarity between SCQ and SDQ

6007/6216: calculated similarity between SCQ and SDS

6008/6216: calculated similarity between SCQ and SRS

6009/6216: calculated similarity between SCQ and SRS_Pre

6010/6216: calculated similarity between SCQ and STAI

6011/6216: calculated similarity between SCQ and SWAN

6012/6216: calculated similarity between SCQ and TRF

6013/6216: calculated similarity between SCQ and TRF_P

6014/6216: calculated similarity between SCQ and Vineland

6015/6216: calculated similarity between SCQ and WAIS

6016/6216: calculated similarity between SCQ and WAIS_abb

6017/6216: calculated similarity between SCQ and WASI

6018/6216: calculated similarity between SCQ and WHODAS_P

6019/6216: calculated similarity between SCQ and WHODAS_SR

6020/6216: calculated similarity between SCQ and WIAT

6021/6216: calculated similarity between SCQ and WISC

6022/6216: calculated similarity between SCQ and YFAS

6023/6216: calculated similarity between SCQ and YFAS_C

6024/6216: calculated similarity between SCQ and YSR

6025/6216: calculated similarity between SCQ and SympChck

6026/6216: calculated similarity between SDQ and SDS

6027/6216: calculated similarity between SDQ and SRS

6028/6216: calculated similarity between SDQ and SRS_Pre

6029/6216: calculated similarity between SDQ and STAI

6030/6216: calculated similarity between SDQ and SWAN

6031/6216: calculated similarity between SDQ and TRF

6032/6216: calculated similarity between SDQ and TRF_P

6033/6216: calculated similarity between SDQ and Vineland

6034/6216: calculated similarity between SDQ and WAIS

6035/6216: calculated similarity between SDQ and WAIS_abb

6036/6216: calculated similarity between SDQ and WASI

6037/6216: calculated similarity between SDQ and WHODAS_P

6038/6216: calculated similarity between SDQ and WHODAS_SR

6039/6216: calculated similarity between SDQ and WIAT

6040/6216: calculated similarity between SDQ and WISC

6041/6216: calculated similarity between SDQ and YFAS

6042/6216: calculated similarity between SDQ and YFAS_C

6043/6216: calculated similarity between SDQ and YSR

6044/6216: calculated similarity between SDQ and SympChck

6045/6216: calculated similarity between SDS and SRS

6046/6216: calculated similarity between SDS and SRS_Pre

6047/6216: calculated similarity between SDS and STAI

6048/6216: calculated similarity between SDS and SWAN

6049/6216: calculated similarity between SDS and TRF

6050/6216: calculated similarity between SDS and TRF_P

6051/6216: calculated similarity between SDS and Vineland

6052/6216: calculated similarity between SDS and WAIS

6053/6216: calculated similarity between SDS and WAIS_abb

6054/6216: calculated similarity between SDS and WASI

6055/6216: calculated similarity between SDS and WHODAS_P

6056/6216: calculated similarity between SDS and WHODAS_SR

6057/6216: calculated similarity between SDS and WIAT

6058/6216: calculated similarity between SDS and WISC

6059/6216: calculated similarity between SDS and YFAS

6060/6216: calculated similarity between SDS and YFAS_C

6061/6216: calculated similarity between SDS and YSR

6062/6216: calculated similarity between SDS and SympChck

6063/6216: calculated similarity between SRS and SRS_Pre

6064/6216: calculated similarity between SRS and STAI

6065/6216: calculated similarity between SRS and SWAN

6066/6216: calculated similarity between SRS and TRF

6067/6216: calculated similarity between SRS and TRF_P

6068/6216: calculated similarity between SRS and Vineland

6069/6216: calculated similarity between SRS and WAIS

6070/6216: calculated similarity between SRS and WAIS_abb

6071/6216: calculated similarity between SRS and WASI

6072/6216: calculated similarity between SRS and WHODAS_P

6073/6216: calculated similarity between SRS and WHODAS_SR

6074/6216: calculated similarity between SRS and WIAT

6075/6216: calculated similarity between SRS and WISC

6076/6216: calculated similarity between SRS and YFAS

6077/6216: calculated similarity between SRS and YFAS_C

6078/6216: calculated similarity between SRS and YSR

6079/6216: calculated similarity between SRS and SympChck

6080/6216: calculated similarity between SRS_Pre and STAI

6081/6216: calculated similarity between SRS_Pre and SWAN

6082/6216: calculated similarity between SRS_Pre and TRF

6083/6216: calculated similarity between SRS_Pre and TRF_P

6084/6216: calculated similarity between SRS_Pre and Vineland

6085/6216: calculated similarity between SRS_Pre and WAIS

6086/6216: calculated similarity between SRS_Pre and WAIS_abb

6087/6216: calculated similarity between SRS_Pre and WASI

6088/6216: calculated similarity between SRS_Pre and WHODAS_P

6089/6216: calculated similarity between SRS_Pre and WHODAS_SR

6090/6216: calculated similarity between SRS_Pre and WIAT

6091/6216: calculated similarity between SRS_Pre and WISC

6092/6216: calculated similarity between SRS_Pre and YFAS

6093/6216: calculated similarity between SRS_Pre and YFAS_C

6094/6216: calculated similarity between SRS_Pre and YSR

6095/6216: calculated similarity between SRS_Pre and SympChck

6096/6216: calculated similarity between STAI and SWAN

6097/6216: calculated similarity between STAI and TRF

6098/6216: calculated similarity between STAI and TRF_P

6099/6216: calculated similarity between STAI and Vineland

6100/6216: calculated similarity between STAI and WAIS

6101/6216: calculated similarity between STAI and WAIS_abb

6102/6216: calculated similarity between STAI and WASI

6103/6216: calculated similarity between STAI and WHODAS_P

6104/6216: calculated similarity between STAI and WHODAS_SR

6105/6216: calculated similarity between STAI and WIAT

6106/6216: calculated similarity between STAI and WISC

6107/6216: calculated similarity between STAI and YFAS

6108/6216: calculated similarity between STAI and YFAS_C

6109/6216: calculated similarity between STAI and YSR

6110/6216: calculated similarity between STAI and SympChck

6111/6216: calculated similarity between SWAN and TRF

6112/6216: calculated similarity between SWAN and TRF_P

6113/6216: calculated similarity between SWAN and Vineland

6114/6216: calculated similarity between SWAN and WAIS

6115/6216: calculated similarity between SWAN and WAIS_abb

6116/6216: calculated similarity between SWAN and WASI

6117/6216: calculated similarity between SWAN and WHODAS_P

6118/6216: calculated similarity between SWAN and WHODAS_SR

6119/6216: calculated similarity between SWAN and WIAT

6120/6216: calculated similarity between SWAN and WISC

6121/6216: calculated similarity between SWAN and YFAS

6122/6216: calculated similarity between SWAN and YFAS_C

6123/6216: calculated similarity between SWAN and YSR

6124/6216: calculated similarity between SWAN and SympChck

6125/6216: calculated similarity between TRF and TRF_P

6126/6216: calculated similarity between TRF and Vineland

6127/6216: calculated similarity between TRF and WAIS

6128/6216: calculated similarity between TRF and WAIS_abb

6129/6216: calculated similarity between TRF and WASI

6130/6216: calculated similarity between TRF and WHODAS_P

6131/6216: calculated similarity between TRF and WHODAS_SR

6132/6216: calculated similarity between TRF and WIAT

6133/6216: calculated similarity between TRF and WISC

6134/6216: calculated similarity between TRF and YFAS

6135/6216: calculated similarity between TRF and YFAS_C

6136/6216: calculated similarity between TRF and YSR

6137/6216: calculated similarity between TRF and SympChck

6138/6216: calculated similarity between TRF_P and Vineland

6139/6216: calculated similarity between TRF_P and WAIS

6140/6216: calculated similarity between TRF_P and WAIS_abb

6141/6216: calculated similarity between TRF_P and WASI

6142/6216: calculated similarity between TRF_P and WHODAS_P

6143/6216: calculated similarity between TRF_P and WHODAS_SR

6144/6216: calculated similarity between TRF_P and WIAT

6145/6216: calculated similarity between TRF_P and WISC

6146/6216: calculated similarity between TRF_P and YFAS

6147/6216: calculated similarity between TRF_P and YFAS_C

6148/6216: calculated similarity between TRF_P and YSR

6149/6216: calculated similarity between TRF_P and SympChck

6150/6216: calculated similarity between Vineland and WAIS

6151/6216: calculated similarity between Vineland and WAIS_abb

6152/6216: calculated similarity between Vineland and WASI

6153/6216: calculated similarity between Vineland and WHODAS_P

6154/6216: calculated similarity between Vineland and WHODAS_SR

6155/6216: calculated similarity between Vineland and WIAT

6156/6216: calculated similarity between Vineland and WISC

6157/6216: calculated similarity between Vineland and YFAS

6158/6216: calculated similarity between Vineland and YFAS_C

6159/6216: calculated similarity between Vineland and YSR

6160/6216: calculated similarity between Vineland and SympChck

6161/6216: calculated similarity between WAIS and WAIS_abb

6162/6216: calculated similarity between WAIS and WASI

6163/6216: calculated similarity between WAIS and WHODAS_P

6164/6216: calculated similarity between WAIS and WHODAS_SR

6165/6216: calculated similarity between WAIS and WIAT

6166/6216: calculated similarity between WAIS and WISC

6167/6216: calculated similarity between WAIS and YFAS

6168/6216: calculated similarity between WAIS and YFAS_C

6169/6216: calculated similarity between WAIS and YSR

6170/6216: calculated similarity between WAIS and SympChck

6171/6216: calculated similarity between WAIS_abb and WASI

6172/6216: calculated similarity between WAIS_abb and WHODAS_P

6173/6216: calculated similarity between WAIS_abb and WHODAS_SR

6174/6216: calculated similarity between WAIS_abb and WIAT

6175/6216: calculated similarity between WAIS_abb and WISC

6176/6216: calculated similarity between WAIS_abb and YFAS

6177/6216: calculated similarity between WAIS_abb and YFAS_C

6178/6216: calculated similarity between WAIS_abb and YSR

6179/6216: calculated similarity between WAIS_abb and SympChck

6180/6216: calculated similarity between WASI and WHODAS_P

6181/6216: calculated similarity between WASI and WHODAS_SR

6182/6216: calculated similarity between WASI and WIAT

6183/6216: calculated similarity between WASI and WISC

6184/6216: calculated similarity between WASI and YFAS

6185/6216: calculated similarity between WASI and YFAS_C

6186/6216: calculated similarity between WASI and YSR

6187/6216: calculated similarity between WASI and SympChck

6188/6216: calculated similarity between WHODAS_P and WHODAS_SR

6189/6216: calculated similarity between WHODAS_P and WIAT

6190/6216: calculated similarity between WHODAS_P and WISC

6191/6216: calculated similarity between WHODAS_P and YFAS

6192/6216: calculated similarity between WHODAS_P and YFAS_C

6193/6216: calculated similarity between WHODAS_P and YSR

6194/6216: calculated similarity between WHODAS_P and SympChck

6195/6216: calculated similarity between WHODAS_SR and WIAT

6196/6216: calculated similarity between WHODAS_SR and WISC

6197/6216: calculated similarity between WHODAS_SR and YFAS

6198/6216: calculated similarity between WHODAS_SR and YFAS_C

6199/6216: calculated similarity between WHODAS_SR and YSR

6200/6216: calculated similarity between WHODAS_SR and SympChck

6201/6216: calculated similarity between WIAT and WISC

6202/6216: calculated similarity between WIAT and YFAS

6203/6216: calculated similarity between WIAT and YFAS_C

6204/6216: calculated similarity between WIAT and YSR

6205/6216: calculated similarity between WIAT and SympChck

6206/6216: calculated similarity between WISC and YFAS

6207/6216: calculated similarity between WISC and YFAS_C

6208/6216: calculated similarity between WISC and YSR

6209/6216: calculated similarity between WISC and SympChck

6210/6216: calculated similarity between YFAS and YFAS_C

6211/6216: calculated similarity between YFAS and YSR

6212/6216: calculated similarity between YFAS and SympChck

6213/6216: calculated similarity between YFAS_C and YSR

6214/6216: calculated similarity between YFAS_C and SympChck

6215/6216: calculated similarity between YSR and SympChck

6216/6216: calculated similarity between ACE and ACE

6217/6216: calculated similarity between ACE_P and ACE_P

6218/6216: calculated similarity between APQ_P and APQ_P

6219/6216: calculated similarity between APQ_SR and APQ_SR

6220/6216: calculated similarity between ARI_P and ARI_P

6221/6216: calculated similarity between ARI_S and ARI_S

6222/6216: calculated similarity between ASR and ASR

6223/6216: calculated similarity between ASSQ and ASSQ

6224/6216: calculated similarity between AUDIT and AUDIT

6225/6216: calculated similarity between Barratt and Barratt

6226/6216: calculated similarity between BasicDemo and BasicDemo

6227/6216: calculated similarity between BIA and BIA

6228/6216: calculated similarity between C3SR and C3SR

6229/6216: calculated similarity between CAARS and CAARS

6230/6216: calculated similarity between CBCL and CBCL

6231/6216: calculated similarity between CBCL_Pre and CBCL_Pre

6232/6216: calculated similarity between CCSC and CCSC

6233/6216: calculated similarity between CELF and CELF

6234/6216: calculated similarity between CELF_Full_9to21 and CELF_Full_9to21

6235/6216: calculated similarity between CELF_Full_5to8 and CELF_Full_5to8

6236/6216: calculated similarity between CELF_Meta and CELF_Meta

6237/6216: calculated similarity between CFS and CFS

6238/6216: calculated similarity between CGAS and CGAS

6239/6216: calculated similarity between CIS_P and CIS_P

6240/6216: calculated similarity between CIS_SR and CIS_SR

6241/6216: calculated similarity between ColorVision and ColorVision

6242/6216: calculated similarity between ConsensusD and ConsensusD

6243/6216: calculated similarity between CPIC and CPIC

6244/6216: calculated similarity between CSSRS and CSSRS

6245/6216: calculated similarity between CTOPP and CTOPP

6246/6216: calculated similarity between DailyMed and DailyMed

6247/6216: calculated similarity between Diagnosis_KSADS and Diagnosis_KSADS

6248/6216: calculated similarity between DigitSpan and DigitSpan

6249/6216: calculated similarity between Dishion_Teacher and Dishion_Teacher

6250/6216: calculated similarity between DrugScreen and DrugScreen

6251/6216: calculated similarity between DTS and DTS

6252/6216: calculated similarity between EEG_Track and EEG_Track

6253/6216: calculated similarity between EHQ and EHQ

6254/6216: calculated similarity between ESPAD and ESPAD

6255/6216: calculated similarity between ESWAN and ESWAN

6256/6216: calculated similarity between FGA and FGA

6257/6216: calculated similarity between FGC and FGC

6258/6216: calculated similarity between Fitness_Aerobic and Fitness_Aerobic

6259/6216: calculated similarity between Fitness_Endurance and Fitness_Endurance

6260/6216: calculated similarity between FSQ and FSQ

6261/6216: calculated similarity between FTND and FTND

6262/6216: calculated similarity between FTQA and FTQA

6263/6216: calculated similarity between GARS and GARS

6264/6216: calculated similarity between GFTA and GFTA

6265/6216: calculated similarity between GRIT and GRIT

6266/6216: calculated similarity between GSE and GSE

6267/6216: calculated similarity between IAT and IAT

6268/6216: calculated similarity between ICU_P and ICU_P

6269/6216: calculated similarity between ICU_SR and ICU_SR

6270/6216: calculated similarity between IUQ_SR and IUQ_SR

6271/6216: calculated similarity between IUQ_P and IUQ_P

6272/6216: calculated similarity between KBIT and KBIT

6273/6216: calculated similarity between MFQ_P and MFQ_P

6274/6216: calculated similarity between MFQ_SR and MFQ_SR

6275/6216: calculated similarity between MRI_Track and MRI_Track

6276/6216: calculated similarity between NIH_Full and NIH_Full

6277/6216: calculated similarity between NIH_Score and NIH_Score

6278/6216: calculated similarity between NLES_P and NLES_P

6279/6216: calculated similarity between NLES_SR and NLES_SR

6280/6216: calculated similarity between PANAS and PANAS

6281/6216: calculated similarity between PAQ_A and PAQ_A

6282/6216: calculated similarity between PBQ and PBQ

6283/6216: calculated similarity between PBS and PBS

6284/6216: calculated similarity between PCIAT and PCIAT

6285/6216: calculated similarity between Peds_Migraine and Peds_Migraine

6286/6216: calculated similarity between Pegboard and Pegboard

6287/6216: calculated similarity between PhenX_Neighborhood and PhenX_Neighborhood

6288/6216: calculated similarity between PhenX_Schoo and PhenX_Schoo

6289/6216: calculated similarity between Physical and Physical

6290/6216: calculated similarity between PMHS and PMHS

6291/6216: calculated similarity between PPS and PPS

6292/6216: calculated similarity between PPVT and PPVT

6293/6216: calculated similarity between Pregnancy and Pregnancy

6294/6216: calculated similarity between PreInt_Demos_Home and PreInt_Demos_Home

6295/6216: calculated similarity between PreInt_DevH and PreInt_DevH

6296/6216: calculated similarity between PreInt_EduH and PreInt_EduH

6297/6216: calculated similarity between PreInt_FamH and PreInt_FamH

6298/6216: calculated similarity between PreInt_FamHx_RDC and PreInt_FamHx_RDC

6299/6216: calculated similarity between PreInt_Lang and PreInt_Lang

6300/6216: calculated similarity between PreInt_TxH and PreInt_TxH

6301/6216: calculated similarity between PSI and PSI

6302/6216: calculated similarity between RBS and RBS

6303/6216: calculated similarity between RemoteTask and RemoteTask

6304/6216: calculated similarity between SAS and SAS

6305/6216: calculated similarity between SCARED_P and SCARED_P

6306/6216: calculated similarity between SCARED_SR and SCARED_SR

6307/6216: calculated similarity between SCQ and SCQ

6308/6216: calculated similarity between SDQ and SDQ

6309/6216: calculated similarity between SDS and SDS

6310/6216: calculated similarity between SRS and SRS

6311/6216: calculated similarity between SRS_Pre and SRS_Pre

6312/6216: calculated similarity between STAI and STAI

6313/6216: calculated similarity between SWAN and SWAN

6314/6216: calculated similarity between TRF and TRF

6315/6216: calculated similarity between TRF_P and TRF_P

6316/6216: calculated similarity between Vineland and Vineland

6317/6216: calculated similarity between WAIS and WAIS

6318/6216: calculated similarity between WAIS_abb and WAIS_abb

6319/6216: calculated similarity between WASI and WASI

6320/6216: calculated similarity between WHODAS_P and WHODAS_P

6321/6216: calculated similarity between WHODAS_SR and WHODAS_SR

6322/6216: calculated similarity between WIAT and WIAT

6323/6216: calculated similarity between WISC and WISC

6324/6216: calculated similarity between YFAS and YFAS

6325/6216: calculated similarity between YFAS_C and YFAS_C

6326/6216: calculated similarity between YSR and YSR

6327/6216: calculated similarity between SympChck and SympChck

